id,title,company,job_location,job_state,date,site,job_description,salary,url,applied,search_term,skills,priority,status,category,inserted_at,last_verified,user_id
0c466f8a-c364-4ab1-8e3d-052ed3d2b526,"Senior Software Engineer, Originations",Credit Acceptance Corporation,USA (Remote),usa (remote),2025-06-29,CareerBuilder,,N/A,https://www.careerbuilder.com/job/J3V6QS6VFK71529VGK7,False,software engineer,[],0,new,,2025-06-29 13:34:39.507161,,
149d609d-17ca-4d55-9d53-0c0ce64790f3,"Senior Software Engineer (SF, NYC, or Remote in US)",Office Hours,"San Francisco, CA (Remote)","san francisco, ca (remote)",2025-06-29,CareerBuilder,,N/A,https://www.careerbuilder.com/job/J3W1C56CLZVCCY15TSD,False,software engineer,[],0,new,,2025-06-29 13:34:40.133333,,
5336ae42-cb36-4893-a6e7-57df6a552f2a,Staff Software Engineer - Product (Remote),Pair Team,"San Francisco, CA (Remote)","san francisco, ca (remote)",2025-06-29,CareerBuilder,,N/A,https://www.careerbuilder.com/job/J3N6ML6VC1XTCG6F9NQ,False,software engineer,[],0,new,,2025-06-29 13:34:40.785564,,
523ce6b9-1f70-483f-be12-fa91ce27794b,Software Engineer - Remote Nationwide,Optum,"San Diego, CA (Remote)","san diego, ca (remote)",2025-06-29,CareerBuilder,,N/A,https://www.careerbuilder.com/job/J3M0086YG58TFFSV01C,False,software engineer,[],0,new,,2025-06-29 13:34:41.314620,,
e18454e9-4db1-40be-abbe-659c9a02412d,"Software Engineer, Ruby - AI Training (Freelance, Remote)",Alignerr,"San Francisco, CA (Remote)","san francisco, ca (remote)",2025-06-29,CareerBuilder,,N/A,https://www.careerbuilder.com/job/J3W06B797TCCQNRN922,False,software engineer,[],0,new,,2025-06-29 13:34:41.874252,,
3a2a4114-f432-4fe1-bb2e-fe75c670e64c,Software Engineer,Object Systems International,USA (Remote),usa (remote),2025-06-29,CareerBuilder,,N/A,https://www.careerbuilder.com/job/JQS5CJ6MGK7QXNT3DYS,False,software engineer,[],0,new,,2025-06-29 13:34:42.470112,,
3714b1d0-8e86-48a9-aa47-c03b9769fdfa,Senior Software Engineer - Front End (Remote),Pair Team,"San Francisco, CA (Remote)","san francisco, ca (remote)",2025-06-29,CareerBuilder,,N/A,https://www.careerbuilder.com/job/J3W0ZQ70W52STKF21G5,False,software engineer,[],0,new,,2025-06-29 13:34:43.074693,,
db77c4ca-acba-48fc-8b80-87251a522db3,Senior Back End Software Engineer (Java) - Remote,Revvity Signals,"Boston, MA (Remote)","boston, ma (remote)",2025-06-29,CareerBuilder,,N/A,https://www.careerbuilder.com/job/J3T63H6VQQBR7G4DKSW,False,software engineer,['java'],0,new,,2025-06-29 13:34:43.642082,,
ad5c7f96-2504-4066-9a56-f8d8e7ebc459,REMOTE SENIOR SOFTWARE ENGINEER,Turing,"San Francisco, CA (Remote)","san francisco, ca (remote)",2025-06-29,CareerBuilder,,N/A,https://www.careerbuilder.com/job/J3P4M371Y8DY4GH71XB,False,software engineer,[],0,new,,2025-06-29 13:34:44.279086,,
cdf69f84-9b88-4868-8f10-444fb8f005a8,Software Engineer Manager II - 100-percent remote (The Republic of Panama),One Identity,"Panama, NY (Remote)","panama, ny (remote)",2025-06-29,CareerBuilder,,N/A,https://www.careerbuilder.com/job/J3R56K6WB8J89MQFV8W,False,software engineer,[],0,new,,2025-06-29 13:34:44.839445,,
7da3dade-6da7-4f67-b86f-958edf0f2b14,"Software Engineer - Fully Remote, Mission Driven",CyberCoders,"Denver, CO (Remote)","denver, co (remote)",2025-06-29,CareerBuilder,,N/A,https://www.careerbuilder.com/job/J3R8H970KQCM8QFRF70,False,software engineer,[],0,new,,2025-06-29 13:34:45.388561,,
205ec9d5-b6c2-4709-a71b-287dd20559d0,Principal IT Software Engineer - JUDI - Remote,Lensa,"Providence, RI (Remote)","providence, ri (remote)",2025-06-29,CareerBuilder,,N/A,https://www.careerbuilder.com/job/J3Q0976RG1H0VRR8MSF,False,software engineer,[],0,new,,2025-06-29 13:34:45.939106,,
40315033-40af-45d6-ad67-cbe415c0398e,Principal IT Software Engineer - JUDI - Remote,Lensa,"Boise, ID (Remote)","boise, id (remote)",2025-06-29,CareerBuilder,,N/A,https://www.careerbuilder.com/job/J3T0XZ6FXQZWBYWRM4M,False,software engineer,[],0,new,,2025-06-29 13:34:46.517858,,
0e05e22a-467c-491e-8ab2-f961e6af3c4f,Lead Engineer Software Engineering - US Based Remote,Lensa,"Seattle, WA (Remote)","seattle, wa (remote)",2025-06-29,CareerBuilder,,N/A,https://www.careerbuilder.com/job/J3W6T15XJFC0FQ6FZPL,False,software engineer,[],0,new,,2025-06-29 13:34:47.107742,,
31abac3a-c0e5-4169-b563-e5ba9874d442,IT Principal Software Engineer - Remote,Jobs via Dice,"Rochester, MN (Remote)","rochester, mn (remote)",2025-06-29,CareerBuilder,,N/A,https://www.careerbuilder.com/job/J3T4YF71NTCFYT8366B,False,software engineer,[],0,new,,2025-06-29 13:34:47.735982,,
86544399-75b9-4efa-85c7-b1eeab8000e3,Senior Software Engineer - Martech (Remote),Jeniusbank,"Chicago, IL (Remote)","chicago, il (remote)",2025-06-29,CareerBuilder,,N/A,https://www.careerbuilder.com/job/J3N2XV6764KB4G5BPR3,False,software engineer,[],0,new,,2025-06-29 13:34:48.314503,,
9df5e907-4f73-406c-b8a8-8a92f48a2999,Principal IT Software Engineer - JUDI - Remote,Lensa,"Bismarck, ND (Remote)","bismarck, nd (remote)",2025-06-29,CareerBuilder,,N/A,https://www.careerbuilder.com/job/J3P2LB6NS0MM29S079B,False,software engineer,[],0,new,,2025-06-29 13:34:48.867731,,
3a4b3d35-3d0d-402e-8b3c-f5eae6689b79,"Lead Software Engineer, Microservices / API (Remote)",CareFirst BlueCross BlueShield,"Baltimore, MD (Remote)","baltimore, md (remote)",2025-06-29,CareerBuilder,,N/A,https://www.careerbuilder.com/job/J3Q14B72WVQXMSG20R3,False,software engineer,[],0,new,,2025-06-29 13:34:49.520043,,
71793c27-9516-48b8-a47a-cbdb1bdb32bd,Principal IT Software Engineer - JUDI - Remote,Lensa,"Frankfort, KY (Remote)","frankfort, ky (remote)",2025-06-29,CareerBuilder,,N/A,https://www.careerbuilder.com/job/J3P60S79D41K58N19MT,False,software engineer,[],0,new,,2025-06-29 13:34:50.153164,,
bf970556-df70-48ec-833d-c6beefa0fb02,Lead ML Software Engineer - Remote,Davita Inc.,"San Diego, CA (Remote)","san diego, ca (remote)",2025-06-29,CareerBuilder,,N/A,https://www.careerbuilder.com/job/J3S84K6F1V19Q7D8R92,False,software engineer,[],0,new,,2025-06-29 13:34:50.710123,,
b078deed-e2ee-4d63-a199-d151c86b06ef,Lead ML Software Engineer - Remote,UnitedHealth Group,"San Diego, CA (Remote)","san diego, ca (remote)",2025-06-29,CareerBuilder,,N/A,https://www.careerbuilder.com/job/J3M7C2653GXFV8XNXM0,False,software engineer,[],0,new,,2025-06-29 13:34:51.317072,,
d5122618-8b86-4cb2-bde4-938ddbd7231d,RF Software Engineer (Starlink),SpaceX,"Work From Home, TX (Remote)","work from home, tx (remote)",2025-06-29,CareerBuilder,,N/A,https://www.careerbuilder.com/job/J3V5PQ6WS2HMJ9NZMRN,False,software engineer,[],0,new,,2025-06-29 13:34:51.872615,,
cf8d16d6-7bd6-4fd8-bd42-918a65c29029,Software Engineer - Infrastructure Observability Monitoring (Remote USA),Splunk,"Washington, DC (Remote)","washington, dc (remote)",2025-06-29,CareerBuilder,,N/A,https://www.careerbuilder.com/job/J3W6M4613QML0Z4M4YX,False,software engineer,[],0,new,,2025-06-29 13:34:52.476575,,
42513dc5-53da-41c4-8968-28f8e02fb37c,Principal Software Engineer - Platform Security / Compliance Architect - (Remote),"New Relic, Inc.","Portland, OR (Remote)","portland, or (remote)",2025-06-29,CareerBuilder,,N/A,https://www.careerbuilder.com/job/J3T6RP70WJ9L3S8DQ83,False,software engineer,[],0,new,,2025-06-29 13:34:53.046292,,
dc51584e-12cd-4741-bec2-707fa81b05e5,Software Engineer,HonorVet Technologies,"Work From Home, CA (Remote)","work from home, ca (remote)",2025-06-29,CareerBuilder,,N/A,https://www.careerbuilder.com/job/J3M0KP5ZNRFS6S4F1T4,False,software engineer,[],0,new,,2025-06-29 13:34:53.605069,,
1d0a8c4c-2029-4a69-9e22-3cc1e5789e3a,Lead Engineer Software Engineering - US Based Remote,Lensa,"Chicago, IL (Remote)","chicago, il (remote)",2025-06-29,CareerBuilder,,N/A,https://www.careerbuilder.com/job/J3S2ZN72B129WN4L1G6,False,software engineer,[],0,new,,2025-06-29 13:35:01.488800,,
297ed308-9866-426e-8894-d60fa6295e6c,Principal IT Software Engineer - JUDI - Remote,Lensa,"Hartford, CT (Remote)","hartford, ct (remote)",2025-06-29,CareerBuilder,,N/A,https://www.careerbuilder.com/job/J3P1GC67C4WWYY74347,False,software engineer,[],0,new,,2025-06-29 13:35:02.107314,,
93a2c24e-4c38-4373-90d5-352974779099,Principal Software Development Engineer (Core Chemistry) - Remote,"Revvity, Inc.","Waltham, MA (Remote)","waltham, ma (remote)",2025-06-29,CareerBuilder,,N/A,https://www.careerbuilder.com/job/J3S36L6MQR4798PB0LY,False,software engineer,[],0,new,,2025-06-29 13:35:02.724374,,
a7e851d6-b869-4946-9423-a4ed0b53e7dd,"STAFF / SENIOR SOFTWARE ENGINEER, REPLICATED INSTALLERS (REMOTE)",Replicated Inc.,"San Francisco, CA (Remote)","san francisco, ca (remote)",2025-06-29,CareerBuilder,,N/A,https://www.careerbuilder.com/job/J3P2L46KB958220G83S,False,software engineer,[],0,new,,2025-06-29 13:35:03.284542,,
723451e2-1bf8-4183-ba0e-1f6f748555c3,Lead Software Engineer,Jobot,"Work From Home, CO (Remote)","work from home, co (remote)",2025-06-29,CareerBuilder,,N/A,https://www.careerbuilder.com/job/J3M1V4631CHDSKT0TPG,False,software engineer,[],0,new,,2025-06-29 13:35:03.855712,,
c36344b1-7e4e-4d2b-a465-a99a7001f162,"Senior Software Engineer, Data Platform",Circle,"Work From Home, CA (Remote)","work from home, ca (remote)",2025-06-29,CareerBuilder,,N/A,https://www.careerbuilder.com/job/J3S5J66S1BCL5ZM1PHV,False,software engineer,[],0,new,,2025-06-29 13:35:04.538113,,
c1d8516e-2521-4f47-96df-36ecddf1033c,"Senior Software Engineer, Vendor Experience (remote)",Replicated,"Chicago, IL (Remote)","chicago, il (remote)",2025-06-29,CareerBuilder,,N/A,https://www.careerbuilder.com/job/J3N3J471XQDHQC2VRNX,False,software engineer,[],0,new,,2025-06-29 13:35:05.219041,,
4efb8938-daab-4448-8f12-0a45e14156f6,Software Engineer III,ACL Digital,"Work From Home, CA (Remote)","work from home, ca (remote)",2025-06-29,CareerBuilder,,N/A,https://www.careerbuilder.com/job/J3P3XC797VBRTDLGN5N,False,software engineer,[],0,new,,2025-06-29 13:35:05.797409,,
9f122228-84c4-44da-95ad-1cf43f5e019a,Senior Software Engineer- Observability and Reliability Platform Engineering (REMOTE),GEICO,"San Jose, CA (Remote)","san jose, ca (remote)",2025-06-29,CareerBuilder,,N/A,https://www.careerbuilder.com/job/J3M4SZ6H47RHQ4R817W,False,software engineer,[],0,new,,2025-06-29 13:35:06.376321,,
f1bf99e9-9bb9-428a-9c96-4ff16e70d3ed,Remote Senior Software Engineer - 34123,Turing,"San Francisco, CA (Remote)","san francisco, ca (remote)",2025-06-29,CareerBuilder,,N/A,https://www.careerbuilder.com/job/J3R15664WR11KLYKLBH,False,software engineer,[],0,new,,2025-06-29 13:35:06.957251,,
a2b0e9ba-bd97-47cb-a8d1-d461060ea1b6,Principal IT Software Engineer - JUDI - Remote,Lensa,"Salem, OR (Remote)","salem, or (remote)",2025-06-29,CareerBuilder,,N/A,https://www.careerbuilder.com/job/J3R3DZ663N5FNC5NBFQ,False,software engineer,[],0,new,,2025-06-29 13:35:07.502978,,
fee2bbe9-1912-40b8-b17e-bc5ef9c94192,"Software Engineer, Sr - MES App Admin / 1LMX / Remote",Lensa,"Bethesda, MD (Remote)","bethesda, md (remote)",2025-06-29,CareerBuilder,,N/A,https://www.careerbuilder.com/job/J3R78672M8SMZT7KJFF,False,software engineer,[],0,new,,2025-06-29 13:35:08.047878,,
beb76b44-1cd2-4b62-ad13-6b51d668ccdc,Staff Software Engineer - Data Streaming - Remote,Redfin,"Seattle, WA (Remote)","seattle, wa (remote)",2025-06-29,CareerBuilder,,N/A,https://www.careerbuilder.com/job/J3P7LK6QTVJ9T8BVVK4,False,software engineer,[],0,new,,2025-06-29 13:35:08.596188,,
3ac56ee2-34ef-4dc5-9a32-c97c0857ee09,Principal Software Engineer,6sense,"Work From Home, CA (Remote)","work from home, ca (remote)",2025-06-29,CareerBuilder,,N/A,https://www.careerbuilder.com/job/J3S06K6CWCFC0VKWJQG,False,software engineer,[],0,new,,2025-06-29 13:35:09.182586,,
459fe879-0c24-4ae7-b762-508d549e2392,Software Engineer - National Remote,Weingart Foundation,"San Diego, CA (Remote)","san diego, ca (remote)",2025-06-29,CareerBuilder,,N/A,https://www.careerbuilder.com/job/J3M0LX73Z7X3RXPK086,False,software engineer,[],0,new,,2025-06-29 13:35:09.877397,,
76fc0305-bedc-4f85-9cea-f806c8d25e8b,"Software Engineer, Lead with Security Clearance",Parsons,"Work From Home, VA (Remote)","work from home, va (remote)",2025-06-29,CareerBuilder,,N/A,https://www.careerbuilder.com/job/J3N6QS6YGS38X7H9R1T,False,software engineer,[],0,new,,2025-06-29 13:35:10.437223,,
fd07200d-8703-4606-b8bf-6350a78341af,Software Engineer - Crypto and Cross Domain Solutions,"The Computer Merchant, LTD.",USA (Remote),usa (remote),2025-06-29,CareerBuilder,,N/A,https://www.careerbuilder.com/job/J3S1W9738J5SW6DYRS6,False,software engineer,[],0,new,,2025-06-29 13:35:10.980092,,
cff930fe-c4e5-4c71-a90b-82d74f684b25,Software Engineer II - DAM,Tailored Brands Inc,"Work From Home, CA (Remote)","work from home, ca (remote)",2025-06-29,CareerBuilder,,N/A,https://www.careerbuilder.com/job/J3S5825X5DTB0GVWHD8,False,software engineer,[],0,new,,2025-06-29 13:35:11.614331,,
b99075f8-34dc-452f-8b56-d4fe68db4b28,Lead Software Engineer (Remote),First Citizens Bank,"Chicago, IL (Remote)","chicago, il (remote)",2025-06-29,CareerBuilder,,N/A,https://www.careerbuilder.com/job/J3S0YH649LLVKQ9ZZ4G,False,software engineer,[],0,new,,2025-06-29 13:35:12.196642,,
1c06f718-55b0-49c7-838a-c06e5e3c3c51,AI Software Engineer,Mainz Brady Group,"Work From Home, CA (Remote)","work from home, ca (remote)",2025-06-29,CareerBuilder,,N/A,https://www.careerbuilder.com/job/J3P0VQ6FGGJV8WWGCMC,False,software engineer,[],0,new,,2025-06-29 13:35:12.780557,,
0fdce311-4394-451e-ac72-e47048ae43af,Early Career Software Engineer - Applied AI,Wonderschool,"Work From Home, CA (Remote)","work from home, ca (remote)",2025-06-29,CareerBuilder,,N/A,https://www.careerbuilder.com/job/J3M1SB754LZD3GW8Y91,False,software engineer,[],0,new,,2025-06-29 13:35:13.376951,,
98043183-4542-4ba3-bf13-f61f01099af0,Sr Software Engineer,Oxenham Group,"Work From Home, CA (Remote)","work from home, ca (remote)",2025-06-29,CareerBuilder,,N/A,https://www.careerbuilder.com/job/J3S5RV74Z943MDS45H2,False,software engineer,[],0,new,,2025-06-29 13:35:13.967357,,
684df93e-8bce-4c22-bdc0-e0cbde053c25,Embedded Software Engineer,Wing,"Work From Home, CA (Remote)","work from home, ca (remote)",2025-06-29,CareerBuilder,,N/A,https://www.careerbuilder.com/job/J3T7XH68ST8M16QJG4T,False,software engineer,[],0,new,,2025-06-29 13:35:14.571045,,
6bdb7375-e985-4eda-8803-8f2155e62339,Software Engineer I,"CareDx, Inc.","Work From Home, CA (Remote)","work from home, ca (remote)",2025-06-29,CareerBuilder,,N/A,https://www.careerbuilder.com/job/J3M5GH61CGT9FQJDHG8,False,software engineer,[],0,new,,2025-06-29 13:35:15.168458,,
66f6cf11-4693-4e4b-912b-f0dcef9a0856,"Senior Software engineer, Founding team",Aviator Services Inc,"Work From Home, CA (Remote)","work from home, ca (remote)",2025-06-29,CareerBuilder,,N/A,https://www.careerbuilder.com/job/J3M6F561FPG8XPMXZ3S,False,software engineer,[],0,new,,2025-06-29 13:35:15.762949,,
a314f0f7-0360-44bd-8122-b5e4f04d8eca,Software Engineer I,ACL Digital,"Work From Home, CA (Remote)","work from home, ca (remote)",2025-06-29,CareerBuilder,,N/A,https://www.careerbuilder.com/job/J3Q7XV6RX4NKXHLZJBN,False,software engineer,[],0,new,,2025-06-29 13:35:24.050017,,
6b2cd006-41f5-41eb-92c5-fbcdc7c4569b,Principal Engineer Software (Prisma Access Back End),ZipRecruiter,"Work From Home, CA (Remote)","work from home, ca (remote)",2025-06-29,CareerBuilder,,N/A,https://www.careerbuilder.com/job/J3M3GM6S86NRBPL6L4Z,False,software engineer,['prisma'],0,new,,2025-06-29 13:35:24.655109,,
6429022a-f0aa-4365-bf21-ffeb4222a289,Senior Software Engineer,Broadwing Corporation,"Work From Home, CA (Remote)","work from home, ca (remote)",2025-06-29,CareerBuilder,,N/A,https://www.careerbuilder.com/job/J3M2Y26X2HP39Z353G4,False,software engineer,[],0,new,,2025-06-29 13:35:25.271086,,
f22a5deb-1e45-4701-83e4-99d48f1737d4,Principal Software Engineer (C/C ) - Embedded Systems,DivIHN Integration Inc,USA (Remote),usa (remote),2025-06-29,CareerBuilder,,N/A,https://www.careerbuilder.com/job/J3Q80R75655G8NJJP52,False,software engineer,[],0,new,,2025-06-29 13:35:25.871359,,
e17706f4-d166-4917-b26b-a1a96ad8cf56,Software Engineer,ROR,"Work From Home, CO (Remote)","work from home, co (remote)",2025-06-29,CareerBuilder,,N/A,https://www.careerbuilder.com/job/J3M4M265MBRYDTV2FPC,False,software engineer,[],0,new,,2025-06-29 13:35:26.452178,,
4810c402-eac9-45ff-a154-22d2a26044d8,Software Engineer III,Insight Global,"Work From Home, CA (Remote)","work from home, ca (remote)",2025-06-29,CareerBuilder,,N/A,https://www.careerbuilder.com/job/J3N0LC6RQY9TJX1T8JG,False,software engineer,[],0,new,,2025-06-29 13:35:27.045951,,
9522ba9d-9f3f-4090-8a31-f91c6ad26396,"Senior Software Engineer, API",Headspace Sourcing,"Work From Home, CA (Remote)","work from home, ca (remote)",2025-06-29,CareerBuilder,,N/A,https://www.careerbuilder.com/job/J3S0YQ6GJ6XF8YKDFZ0,False,software engineer,[],0,new,,2025-06-29 13:35:27.645184,,
f2c08af5-f68f-4c95-b56a-9b6fd6073d79,Software Engineer Senior Principal - GenAI (Remote),The Home Depot,"Atlanta, GA (Remote)","atlanta, ga (remote)",2025-06-29,CareerBuilder,,N/A,https://www.careerbuilder.com/job/J3M46R6ZBDWVCZ7HPH5,False,software engineer,[],0,new,,2025-06-29 13:35:28.267311,,
7074f5dc-363b-40df-b919-cb779750d096,Sr Software Engineer (Prisma Access SASE),Palo Alto Networks,"Work From Home, CA (Remote)","work from home, ca (remote)",2025-06-29,CareerBuilder,,N/A,https://www.careerbuilder.com/job/J3R7ZJ6XSPKFRSFPKY6,False,software engineer,['prisma'],0,new,,2025-06-29 13:35:28.861068,,
39e20f15-6f62-47ba-b57c-02e8d35512e7,"Software Engineer, TypeScript - AI Training (Freelance, Remote)",Alignerr,"San Francisco, CA (Remote)","san francisco, ca (remote)",2025-06-29,CareerBuilder,,N/A,https://www.careerbuilder.com/job/J3V3JS6NZMF3ZNS3W27,False,software engineer,['typescript'],0,new,,2025-06-29 13:35:29.534504,,
34dd271e-2059-418f-b632-ad7a47f2d8b4,IT Software Engineer - AS400/IBMi Implementation Team Remote,Lensa,"Washington, DC (Remote)","washington, dc (remote)",2025-06-29,CareerBuilder,,N/A,https://www.careerbuilder.com/job/J3V4LH6CZ2CF50TGYNN,False,software engineer,[],0,new,,2025-06-29 13:35:30.146076,,
3ed46421-f2b7-44e3-8114-e991967a2619,"Senior Software Engineer, Distributed Systems (Remote-friendly but US only)",Mixpanel,"Work From Home, CA (Remote)","work from home, ca (remote)",2025-06-29,CareerBuilder,,N/A,https://www.careerbuilder.com/job/J3V37M688D88SHG99G9,False,software engineer,[],0,new,,2025-06-29 13:35:30.723445,,
949e12ef-c1aa-4e61-aa65-1c46f3d0435f,"Flight Software Engineer Mountain View, CA or Remote",Muon Space inc,"Mountain View, CA (Remote)","mountain view, ca (remote)",2025-06-29,CareerBuilder,,N/A,https://www.careerbuilder.com/job/J3T17167H109FKN5K6T,False,software engineer,[],0,new,,2025-06-29 13:35:31.310643,,
157876e4-62b7-47b5-8a8c-2e71eedd256f,Software Development Engineer - REMOTE (Full-stack) with Security Clearance,Codescratch LLC,"Fort Meade, MD (Remote)","fort meade, md (remote)",2025-06-29,CareerBuilder,,N/A,https://www.careerbuilder.com/job/J3P1156G7K8H1W9T746,False,software engineer,[],0,new,,2025-06-29 13:35:31.890261,,
8e024c54-1ff2-4636-b0ff-a95e05419702,Sr Engineer Software Engineering - US Based Remote,Lensa,"San Jose, CA (Remote)","san jose, ca (remote)",2025-06-29,CareerBuilder,,N/A,https://www.careerbuilder.com/job/J3M2196D2XJTMYWDSLN,False,software engineer,[],0,new,,2025-06-29 13:35:32.473046,,
4bb343d8-b4d3-41e8-b24e-e7f36d5dd4a7,(Remote) Senior Software Engineer,First American,"California, MO (Remote)","california, mo (remote)",2025-06-29,CareerBuilder,,N/A,https://www.careerbuilder.com/job/J3M6CS6QTKZZT2T0417,False,software engineer,[],0,new,,2025-06-29 13:35:33.015200,,
2c5a6e3a-d96f-47a1-aea4-b40b54ea14fc,"Senior Research Engineer, Embedded Software",SOLiD Gear Inc,"Work From Home, TX (Remote)","work from home, tx (remote)",2025-06-29,CareerBuilder,,N/A,https://www.careerbuilder.com/job/J3M1V16YJNNXFDK5H8T,False,software engineer,[],0,new,,2025-06-29 13:35:33.606516,,
30e3afa1-f02b-4293-87ae-3d37669bfe07,Senior Software Engineer II - Security Full Stack REMOTE,Lensa,"Deerfield, IL (Remote)","deerfield, il (remote)",2025-06-29,CareerBuilder,,N/A,https://www.careerbuilder.com/job/J3M2VF6858BPM0LJP8H,False,software engineer,[],0,new,,2025-06-29 13:35:34.185806,,
f9486fc6-7fea-4629-a5d3-3f9e5fc1296c,Software Engineer (US),OneHouse LLC,"Work From Home, CA (Remote)","work from home, ca (remote)",2025-06-29,CareerBuilder,,N/A,https://www.careerbuilder.com/job/J3Q8F968JJ2TPRNZNL2,False,software engineer,[],0,new,,2025-06-29 13:35:34.837566,,
d0874ae3-4f9f-444b-84fc-b34dd7265386,"Software Engineer, Swift - AI Training (Freelance, Remote)",Alignerr,"San Francisco, CA (Remote)","san francisco, ca (remote)",2025-06-29,CareerBuilder,,N/A,https://www.careerbuilder.com/job/J3S86P69Z0H255GG393,False,software engineer,['swift'],0,new,,2025-06-29 13:35:35.384779,,
77b054b7-4cf2-4ef6-8224-214a2d6d448e,Software Engineer - LLM evaluation (Remote) $60 - $90/hour · Contract · Posted 3 days ago $500 [...],"Mercor, Inc.","San Francisco, CA (Remote)","san francisco, ca (remote)",2025-06-29,CareerBuilder,,N/A,https://www.careerbuilder.com/job/J3T8FD61Z19H30SKLYN,False,software engineer,[],0,new,,2025-06-29 13:35:35.990637,,
901f9786-d377-48b2-9fcc-7e3f84d1795f,"Software Engineer - Full Stack (Data/Platform Heavy, Senior Level)",Avela Corporation,"Work From Home, CA (Remote)","work from home, ca (remote)",2025-06-29,CareerBuilder,,N/A,https://www.careerbuilder.com/job/J3W6ZW69F4HXC7NJ21F,False,software engineer,[],0,new,,2025-06-29 13:35:36.592309,,
fba0c7fe-fbe3-4623-817c-e5924eac041c,Software Commissioning Engineer (WMS expertise),CyberTec,"Work From Home, WI (Remote)","work from home, wi (remote)",2025-06-29,CareerBuilder,,N/A,https://www.careerbuilder.com/job/J3V6BD6R7978FG78N6N,False,software engineer,[],0,new,,2025-06-29 13:35:37.199943,,
9c60ead8-5c4e-45ae-939b-4abf268b8b5b,Senior Software Engineer - Tightbeam,Aalyria,"Work From Home, CA (Remote)","work from home, ca (remote)",2025-06-29,CareerBuilder,,N/A,https://www.careerbuilder.com/job/J3N6WQ63NRG7KJW37FB,False,software engineer,[],0,new,,2025-06-29 13:35:37.782438,,
b81da097-d64d-4924-84c4-4e1cae3a5193,"Sr. Software Engineer - Windows Kernel, Core Platform (Remote)",CrowdStrike,"Sunnyvale, CA (Remote)","sunnyvale, ca (remote)",2025-06-29,CareerBuilder,,N/A,https://www.careerbuilder.com/job/J3R6M274DJXSVLHRWB2,False,software engineer,[],0,new,,2025-06-29 13:35:38.366153,,
41f4d318-ab42-448e-97b9-0b57b8239d89,"#Backend Software Engineer hashtag#C2C: $90 Location: hashtag#San Francisco, CA hashtag#RemoteWork10",Kasmo Global,"San Francisco, CA (Remote)","san francisco, ca (remote)",2025-06-29,CareerBuilder,,N/A,https://www.careerbuilder.com/job/J3Q5V0715CVLFW3W190,False,software engineer,[],0,new,,2025-06-29 13:35:44.901053,,
99db53c8-c8da-44b4-8c97-6bded7ec7104,Software Engineer - National Remote - 2263877,UnitedHealth Group,"San Diego, CA (Remote)","san diego, ca (remote)",2025-06-29,CareerBuilder,,N/A,https://www.careerbuilder.com/job/J3S33W6VVSS7DZZJ216,False,software engineer,[],0,new,,2025-06-29 13:35:45.531612,,
d710dec4-ae55-4918-a513-3e418b7ac70f,"Senior Software Engineer, Backend (Digital Products)",Scout Motors,"Work From Home, CA (Remote)","work from home, ca (remote)",2025-06-29,CareerBuilder,,N/A,https://www.careerbuilder.com/job/J3R01V6D6Y2DZ8JZ4SK,False,software engineer,[],0,new,,2025-06-29 13:35:46.128056,,
e5a2ecb6-f23a-49ed-b6eb-533953f38a2c,Software Engineer - Planning,Applied Intuition,"Work From Home, CA (Remote)","work from home, ca (remote)",2025-06-29,CareerBuilder,,N/A,https://www.careerbuilder.com/job/J3S0C76W183BHSH5LPC,False,software engineer,[],0,new,,2025-06-29 13:35:46.693469,,
63f44841-1afc-4993-a15b-2ca576cf9fb6,Counter Intrusion - Mission Software Engineer - Sensor Integration,Anduril Industries,"Work From Home, CA (Remote)","work from home, ca (remote)",2025-06-29,CareerBuilder,,N/A,https://www.careerbuilder.com/job/J3P0GN6MG2X0H9P6Y0S,False,software engineer,[],0,new,,2025-06-29 13:35:47.287297,,
7d7c4c94-7b6b-4802-91df-4b8129dffaf7,Engineering & IT - Software Engineer 3,"PRI Global, Inc.","Work From Home, CA (Remote)","work from home, ca (remote)",2025-06-29,CareerBuilder,,N/A,https://www.careerbuilder.com/job/J3Q0L971CFLKS1JK6GC,False,software engineer,[],0,new,,2025-06-29 13:35:47.873306,,
e83a81cd-b28b-4b56-abcf-2873b477bcf8,"Software Engineer, Remote Assist",Aurora,"San Francisco, CA (Remote)","san francisco, ca (remote)",2025-06-29,CareerBuilder,,N/A,https://www.careerbuilder.com/job/J3R3CY6X67BJSQN9MWB,False,software engineer,[],0,new,,2025-06-29 13:35:48.418149,,
cb65ec6a-b04f-4297-a7b5-db4ad6f9f12e,"Software Engineer, Rust - AI Training (Freelance, Remote)",Alignerr,"San Francisco, CA (Remote)","san francisco, ca (remote)",2025-06-29,CareerBuilder,,N/A,https://www.careerbuilder.com/job/J3M09Y6MH84ZF28K76W,False,software engineer,[],0,new,,2025-06-29 13:35:49.016990,,
ea0fec33-1110-4483-8380-d6129adfe779,"Senior Software Engineer II, SDKs (Android)",Braze,"Work From Home, CA (Remote)","work from home, ca (remote)",2025-06-29,CareerBuilder,,N/A,https://www.careerbuilder.com/job/J3W8CL6CCJ3Q39FBBK4,False,software engineer,[],0,new,,2025-06-29 13:35:49.628231,,
101fd4ec-3c7c-4558-aedb-37dc4d759aa9,"Principal, Software Engineer - Conversational AI",Walmart,"Work From Home, CA (Remote)","work from home, ca (remote)",2025-06-29,CareerBuilder,,N/A,https://www.careerbuilder.com/job/J3N4TL619PVWV68X48T,False,software engineer,[],0,new,,2025-06-29 13:35:50.251588,,
3f3dad04-cef6-4904-b980-9b4957df35c3,"Sr. Software Engineer - Cloud, Falcon For IT (Remote)",CrowdStrike,"Boston, MA (Remote)","boston, ma (remote)",2025-06-29,CareerBuilder,,N/A,https://www.careerbuilder.com/job/J3W7ZG6NCJHGK1CX8TC,False,software engineer,[],0,new,,2025-06-29 13:35:50.801627,,
d91ac72f-3391-48b6-9269-1ed445252b9a,Software Engineer,LanceSoft,"Work From Home, CA (Remote)","work from home, ca (remote)",2025-06-29,CareerBuilder,,N/A,https://www.careerbuilder.com/job/J3Q2N7721YZQMCVYHFT,False,software engineer,[],0,new,,2025-06-29 13:35:51.399157,,
883dc253-da28-42c4-b9ed-730e3a5d617b,"Software Engineer, C++ - AI Training (Freelance, Remote)",Alignerr,"San Francisco, CA (Remote)","san francisco, ca (remote)",2025-06-29,CareerBuilder,,N/A,https://www.careerbuilder.com/job/J3W6636S699DM2BLYRR,False,software engineer,[],0,new,,2025-06-29 13:35:51.991984,,
565440ed-3f28-47e0-b352-e9f9e965e6fb,Senior Software Engineer,Encore Talent Solutions,"Work From Home, OH (Remote)","work from home, oh (remote)",2025-06-29,CareerBuilder,,N/A,https://www.careerbuilder.com/job/J3P63874WQMTJPBRKM5,False,software engineer,[],0,new,,2025-06-29 13:35:52.614077,,
4e0affc5-5146-4dc9-901c-f5056f971b4f,"Software Engineer - WebGL,",Applied Intuition,"Work From Home, CA (Remote)","work from home, ca (remote)",2025-06-29,CareerBuilder,,N/A,https://www.careerbuilder.com/job/J3Q0S96S5DFPP94VGF2,False,software engineer,[],0,new,,2025-06-29 13:35:53.221130,,
b2c98f48-0d5c-470d-8480-8186b7eaa113,Senior Software Engineer - Mapping Pipeline,Applied Intuition,"Work From Home, CA (Remote)","work from home, ca (remote)",2025-06-29,CareerBuilder,,N/A,https://www.careerbuilder.com/job/J3S3RJ687DDKR33PDWB,False,software engineer,[],0,new,,2025-06-29 13:35:53.819725,,
561288df-9190-45f1-b2a9-eaa89a416dd0,Staff Software Engineer - UI (Remote),ZipRecruiter,"Palo Alto, CA (Remote)","palo alto, ca (remote)",2025-06-29,CareerBuilder,,N/A,https://www.careerbuilder.com/job/J3W48C67BR26047WKFS,False,software engineer,[],0,new,,2025-06-29 13:35:54.399861,,
417753a7-68a7-40ae-942c-ee0cad2a1a87,Senior Software Engineer (Capital Products),AngelList,"Work From Home, CA (Remote)","work from home, ca (remote)",2025-06-29,CareerBuilder,,N/A,https://www.careerbuilder.com/job/J3V1NL67ZGVZTMH2ZDX,False,software engineer,[],0,new,,2025-06-29 13:35:54.980825,,
2d95b547-cb36-41a8-a413-3a11b7449545,Senior Software Engineer - Authentication and Access,LiveRamp,"Work From Home, CA (Remote)","work from home, ca (remote)",2025-06-29,CareerBuilder,,N/A,https://www.careerbuilder.com/job/J3P42F6BCX53R5PG3L3,False,software engineer,[],0,new,,2025-06-29 13:35:55.600282,,
16ba51b2-b09e-4108-a4d0-abeeb5ca7875,Junior Level Software Engineer (REMOTE),SynergisticIT,"Work From Home, CA (Remote)","work from home, ca (remote)",2025-06-29,CareerBuilder,,N/A,https://www.careerbuilder.com/job/J3W24N65TBN9NP2KJDH,False,software engineer,[],0,new,,2025-06-29 13:35:56.143769,,
b132b81b-a2ee-4814-8024-9b3107a27938,Principal Software Development Engineer - Remote,"BioLegend, Inc.","Boston, MA (Remote)","boston, ma (remote)",2025-06-29,CareerBuilder,,N/A,https://www.careerbuilder.com/job/J3N70Q6NH1HVMQ6Y4WX,False,software engineer,[],0,new,,2025-06-29 13:35:57.991311,,
e2ade0e7-0867-49d2-823a-24f6a532d5cb,Software Quality Engineer - Mobile (Remote),Jenius Bank,"Chicago, IL (Remote)","chicago, il (remote)",2025-06-29,CareerBuilder,,N/A,https://www.careerbuilder.com/job/J3R66B66HVCMMVB5JYW,False,software engineer,[],0,new,,2025-06-29 13:35:58.597987,,
5b21c0c5-e626-4896-b199-bcff0fbee2fc,Senior Software Engineer - Machine Learning,ZipRecruiter,"Work From Home, MA (Remote)","work from home, ma (remote)",2025-06-29,CareerBuilder,,N/A,https://www.careerbuilder.com/job/J3V3BB699FH3JNJBM81,False,software engineer,[],0,new,,2025-06-29 13:35:59.186319,,
8e51f5c8-cd7e-49c2-8e3d-efdd47e9b6a0,New College Grad Software Engineer Software Engineering Development Apps,Western Digital,"Work From Home, CA (Remote)","work from home, ca (remote)",2025-06-29,CareerBuilder,,N/A,https://www.careerbuilder.com/job/J3R38564SDJDR29V4W6,False,software engineer,[],0,new,,2025-06-29 13:35:59.749388,,
e66c95e3-8460-4254-b15c-e00f7998f45a,Senior Principal Software Engineer (FULLY REMOTE POSITION),Splunk,"San Jose, CA (Remote)","san jose, ca (remote)",2025-06-29,CareerBuilder,,N/A,https://www.careerbuilder.com/job/J3W6PY66ZF8XJ6PK2TL,False,software engineer,[],0,new,,2025-06-29 13:36:00.347901,,
ff4fb29a-dff2-415f-8cad-8366ad1b1215,Sr. Frontend Developer (Fulltime - Remote),RubikX LLC,"Foster City, CA (Remote)","foster city, ca (remote)",2025-06-29,CareerBuilder,,N/A,https://www.careerbuilder.com/job/J3R3J6646B3GSXX6W75,False,front-end developer,[],0,new,,2025-06-29 13:38:28.126779,,
f0cc27c4-926f-4df5-80f8-d1dfe7c07ec5,"REMOTE Lead Frontend Engineer - WebGL, GIS",CyberCoders,"Beverly Hills, CA (Remote)","beverly hills, ca (remote)",2025-06-29,CareerBuilder,,N/A,https://www.careerbuilder.com/job/J3S7YD6ZRD0CH7LYFTP,False,front-end developer,[],0,new,,2025-06-29 13:38:28.759294,,
25e07d89-d43c-4d85-a42f-5f8ba66ed3fe,"REMOTE Lead Frontend Engineer - WebGL, GIS",CyberCoders,"Santa Monica, CA (Remote)","santa monica, ca (remote)",2025-06-29,CareerBuilder,,N/A,https://www.careerbuilder.com/job/J3P3B26HXDP62BQ955P,False,front-end developer,[],0,new,,2025-06-29 13:38:29.312378,,
675961d9-60cf-4f52-b97a-2109a85d8902,Principal Frontend Engineer - Remote,Allscripts,"Chicago, IL (Remote)","chicago, il (remote)",2025-06-29,CareerBuilder,,N/A,https://www.careerbuilder.com/job/J3P0D7624W8JKTP83H2,False,front-end developer,[],0,new,,2025-06-29 13:38:29.886482,,
3506245b-9ac1-4609-8845-142c4d00f582,Principal Frontend Engineer - Remote,ZipRecruiter,"Chicago, IL (Remote)","chicago, il (remote)",2025-06-29,CareerBuilder,,N/A,https://www.careerbuilder.com/job/J3S5Y26R9KMK8BVJ04T,False,front-end developer,[],0,new,,2025-06-29 13:38:30.506494,,
b0a030df-5e8f-4be5-93bb-643c68659f64,Lead Frontend Engineer - Remote,CyberCoders,"San Francisco, CA (Remote)","san francisco, ca (remote)",2025-06-29,CareerBuilder,,N/A,https://www.careerbuilder.com/job/J3S24T6CHNBS6T742H4,False,front-end developer,[],0,new,,2025-06-29 13:38:31.095817,,
739330ff-a24a-46e4-b1e8-f315c4b351ec,Database Developer - Level IV,PLANIT Group,"Work From Home, NC (Remote)","work from home, nc (remote)",2025-06-29,CareerBuilder,,N/A,https://www.careerbuilder.com/job/J3W5T377VZSR71V9HY1,False,front-end developer,[],0,new,,2025-06-29 13:38:31.664008,,
bdcd1259-2442-4e49-af4b-63c477da6431,AEM Front End Developer (remote),Sparktek,"Work From Home, CA (Remote)","work from home, ca (remote)",2025-06-29,CareerBuilder,,N/A,https://www.careerbuilder.com/job/J3V61G69TBGGM6MD3VN,False,front-end developer,[],0,new,,2025-06-29 13:38:32.237141,,
fb99b020-52d8-45dd-ae89-35d59449ca26,"Experienced Back-End Developer, Earthquake Project",SF Civic Tech,"Work From Home, CA (Remote)","work from home, ca (remote)",2025-06-29,CareerBuilder,,N/A,https://www.careerbuilder.com/job/J3T3ZY70GDP984X54TM,False,front-end developer,[],0,new,,2025-06-29 13:38:32.819488,,
82b684d5-085d-4445-8cdc-6ea818dad37f,Senior Full Stack Application Developer - Remote,Davita Inc.,"Newton, MA (Remote)","newton, ma (remote)",2025-06-29,CareerBuilder,,N/A,https://www.careerbuilder.com/job/J3N7H96SQ9PMXYWH43S,False,front-end developer,[],0,new,,2025-06-29 13:38:33.417903,,
f69ecddd-6127-4309-8286-61f7282da728,Back End Developer,Vanguard Nexus,"Work From Home, PA (Remote)","work from home, pa (remote)",2025-06-29,CareerBuilder,,N/A,https://www.careerbuilder.com/job/J3R5Y85YBPGNT89VTM6,False,front-end developer,[],0,new,,2025-06-29 13:38:33.991909,,
52bb23da-24f4-476b-bf61-c777d521c2e1,Full Stack Developer - Remote,Jobot,"Work From Home, IL (Remote)","work from home, il (remote)",2025-06-29,CareerBuilder,,N/A,https://www.careerbuilder.com/job/J3V5FP6MCVRB32DS0CF,False,front-end developer,[],0,new,,2025-06-29 13:38:34.549300,,
071997d0-7e27-4242-a0cf-0b454bab9360,Back End Developer,Vanguard Nexus,"Work From Home, VA (Remote)","work from home, va (remote)",2025-06-29,CareerBuilder,,N/A,https://www.careerbuilder.com/job/J3S88568HP22DWFBN7K,False,front-end developer,[],0,new,,2025-06-29 13:38:35.124966,,
16900b0d-b993-4fe4-b827-aab8e74be219,Back End Developer,Delphi-US,"Work From Home, MA (Remote)","work from home, ma (remote)",2025-06-29,CareerBuilder,,N/A,https://www.careerbuilder.com/job/J3T6ZJ6NCZ8Q5NV1TPR,False,front-end developer,[],0,new,,2025-06-29 13:38:35.692993,,
35a182e8-8132-461f-995c-1212b066247f,Back End Developer,Vanguard Nexus,"Work From Home, FL (Remote)","work from home, fl (remote)",2025-06-29,CareerBuilder,,N/A,https://www.careerbuilder.com/job/J3T3KS62YKNDGQ7YQCL,False,front-end developer,[],0,new,,2025-06-29 13:38:36.275637,,
4193807a-3e2f-45b9-a0c9-a1a152888874,Backend Developer (Remote),ZenGRC,"San Francisco, CA (Remote)","san francisco, ca (remote)",2025-06-29,CareerBuilder,,N/A,https://www.careerbuilder.com/job/J3S7NF70WC19HY391PB,False,front-end developer,[],0,new,,2025-06-29 13:38:36.912497,,
4cd43853-5bad-4fd7-b1b3-791b99ab0b47,"MES / Apriso Software Developer, Staff / Remote",Lensa,"Bethesda, MD (Remote)","bethesda, md (remote)",2025-06-29,CareerBuilder,,N/A,https://www.careerbuilder.com/job/J3M5WQ6NMVK45K1FRGY,False,front-end developer,[],0,new,,2025-06-29 13:38:37.527210,,
d74dc4e6-c368-4b3b-92b3-0df44c07d6b7,DotNet Developer with (Medicaid or Healthcare ) and PRIOR STATE or FEDERAL EXPERINCE (W2 Position),Coppeltechinc,"Work From Home, TX (Remote)","work from home, tx (remote)",2025-06-29,CareerBuilder,,N/A,https://www.careerbuilder.com/job/J3Q46074H2WPBJ28J65,False,front-end developer,[],0,new,,2025-06-29 13:38:38.100926,,
8dec9612-d033-4a3e-9ac9-ae91791523cf,Fullstack Application Developer (Remote) with Security Clearance,ASRC Federal,"Herndon, VA (Remote)","herndon, va (remote)",2025-06-29,CareerBuilder,,N/A,https://www.careerbuilder.com/job/J3R79F711943M7D2JMX,False,front-end developer,[],0,new,,2025-06-29 13:38:38.756322,,
309758f7-2260-45be-b70a-700f4e6942cb,Sr. Java Developer,"The Computer Merchant, LTD.",USA (Remote),usa (remote),2025-06-29,CareerBuilder,,N/A,https://www.careerbuilder.com/job/J3W5LR66Q0PGPQWTJ4D,False,front-end developer,['java'],0,new,,2025-06-29 13:38:39.382696,,
21b4c050-de6a-4f3b-8f59-5d6ac04e5ea8,ServiceNow Developer,Spatial Front,"Work From Home, DC (Remote)","work from home, dc (remote)",2025-06-29,CareerBuilder,,N/A,https://www.careerbuilder.com/job/J3R71S61SV4LFK3BC99,False,front-end developer,[],0,new,,2025-06-29 13:38:39.997182,,
b8a026a4-af5f-464d-b226-d852cbf41bf9,Web Developer,Orionyx Engineering Ltd,"Work From Home, CA (Remote)","work from home, ca (remote)",2025-06-29,CareerBuilder,,N/A,https://www.careerbuilder.com/job/J3N5FZ6MP6W9Q2F5YNZ,False,front-end developer,[],0,new,,2025-06-29 13:38:40.618391,,
743bc18d-1074-4b68-9db3-15c74f49e25b,Salesforce Commerce Cloud Frontend Developer,"JWay Group, Inc.","Work From Home, OR (Remote)","work from home, or (remote)",2025-06-29,CareerBuilder,,N/A,https://www.careerbuilder.com/job/J3Q621639Z1SDFD680F,False,front-end developer,[],0,new,,2025-06-29 13:38:41.197010,,
a1f616d9-e061-428e-a79f-ff12d0f03c3f,Senior Frontend Developer (US),Safety CLI Cybersecurity Inc,"Work From Home, PA (Remote)","work from home, pa (remote)",2025-06-29,CareerBuilder,,N/A,https://www.careerbuilder.com/job/J3W25Y74LY625JT5D67,False,front-end developer,[],0,new,,2025-06-29 13:38:41.829833,,
999910fa-74a3-47c8-b03f-e445a8b4f95c,Remote .Net Developer with Criminal Justice Experience,COMPUTER CONSULTANTS INTERNATIONAL,"Pierre, SD (Remote)","pierre, sd (remote)",2025-06-29,CareerBuilder,,N/A,https://www.careerbuilder.com/job/J3V0196Q2M9H5LW40SB,False,front-end developer,[],0,new,,2025-06-29 13:38:42.420541,,
20072a81-7318-4a86-91d3-e7cc71a524c6,Frontend Developer (Full stack),"United Software Group, Inc.","Work From Home, NC (Remote)","work from home, nc (remote)",2025-06-29,CareerBuilder,,N/A,https://www.careerbuilder.com/job/J3Q77B6Q9NTBWD3PJ21,False,front-end developer,[],0,new,,2025-06-29 13:38:48.550757,,
ff7ddc85-f76b-4d3a-991d-f44148c953e9,AEM (Adobe Experience Manager) Full Stack Developer,Tekfortune Inc,"Work From Home, CA (Remote)","work from home, ca (remote)",2025-06-29,CareerBuilder,,N/A,https://www.careerbuilder.com/job/J3T5PN6PLTB0W151QQK,False,front-end developer,[],0,new,,2025-06-29 13:38:49.121621,,
9a9bc631-1681-48eb-8e16-2e3d9781cd81,Applications Developer,BCforward,"Redmond, WA (Remote)","redmond, wa (remote)",2025-06-29,CareerBuilder,,N/A,https://www.careerbuilder.com/job/J3T1156ZV93QKSSX569,False,front-end developer,[],0,new,,2025-06-29 13:38:49.851806,,
5b987eed-e703-4451-a9bd-6a522e7bda78,Front-end Developer Intern,DigitalHire,USA (Remote),usa (remote),2025-06-29,CareerBuilder,,N/A,https://www.careerbuilder.com/job/J3T6W26GH45N2XHD326,False,front-end developer,[],0,new,,2025-06-29 13:38:50.427640,,
e76dbbd6-02a8-47b2-ab3b-86e0e4bdfe65,Senior Software Developer 3D Data. Remote Canada,Lensa,"Boston, MA (Remote)","boston, ma (remote)",2025-06-29,CareerBuilder,,N/A,https://www.careerbuilder.com/job/J3M8447396LDW60YSFN,False,front-end developer,[],0,new,,2025-06-29 13:38:51.034656,,
11526945-8a90-4b26-982a-79b89bf3ea8f,EverPro - Mid-Level Front-End Developer,EverCommerce,"Work From Home, PA (Remote)","work from home, pa (remote)",2025-06-29,CareerBuilder,,N/A,https://www.careerbuilder.com/job/J3W6406WH06C6H79V8K,False,front-end developer,[],0,new,,2025-06-29 13:38:51.659324,,
bb272bfc-42cb-4901-a77b-36b23b8ec915,Senior Frontend Web Developer,Rugiet Health,"Work From Home, TX (Remote)","work from home, tx (remote)",2025-06-29,CareerBuilder,,N/A,https://www.careerbuilder.com/job/J3R42F6VNW75K5G0Z6H,False,front-end developer,[],0,new,,2025-06-29 13:38:52.248053,,
4a9760b3-ed2c-477b-b6b3-cc2b97aa312b,Senior Front-End Developer,Flutter,"Work From Home, PA (Remote)","work from home, pa (remote)",2025-06-29,CareerBuilder,,N/A,https://www.careerbuilder.com/job/J3P4M4739L9XGZJVXW2,False,front-end developer,[],0,new,,2025-06-29 13:38:52.884384,,
80792fdb-0a3d-49b5-b6cc-834100e836eb,Back-End Developer (Java),"RIT Solutions, Inc.","Work From Home, FL (Remote)","work from home, fl (remote)",2025-06-29,CareerBuilder,,N/A,https://www.careerbuilder.com/job/J3S27K65GP6NLW313V6,False,front-end developer,['java'],0,new,,2025-06-29 13:38:53.502488,,
2c0a85fa-53f2-480f-8133-0a1ff8ae0651,Oracle APEX Developer,"Savantage Financial Services, Inc.",USA (Remote),usa (remote),2025-06-29,CareerBuilder,,N/A,https://www.careerbuilder.com/job/J3T8CR6D3P1K903ZT1M,False,front-end developer,[],0,new,,2025-06-29 13:38:54.115382,,
be11b205-f63c-4a31-bc7a-61152261d5d1,Web Designer & Front-End Developer,Cane Bay Partners,"Work From Home, PA (Remote)","work from home, pa (remote)",2025-06-29,CareerBuilder,,N/A,https://www.careerbuilder.com/job/J3P0SK795FD382WGGGQ,False,front-end developer,[],0,new,,2025-06-29 13:38:54.683646,,
80d52d11-119d-497d-8307-abe353d91ac3,"Front-End Developer, Senior-JCC2-R",Semper Valens Solutions,"Work From Home, TX (Remote)","work from home, tx (remote)",2025-06-29,CareerBuilder,,N/A,https://www.careerbuilder.com/job/J3Q71V72VPDHHN846PL,False,front-end developer,[],0,new,,2025-06-29 13:38:55.304796,,
34200fef-6187-41c1-9874-7771f429a888,Senior Frontend Developer - Remote,Saga,"Los Altos, CA (Remote)","los altos, ca (remote)",2025-06-29,CareerBuilder,,N/A,https://www.careerbuilder.com/job/J3P3SF6MB3J77J797HS,False,front-end developer,[],0,new,,2025-06-29 13:38:55.917834,,
0b5c5e21-9f5f-4c05-b601-d4acbfbd1011,Front-end Design/Developer,Abacus Service Corporation.,USA (Remote),usa (remote),2025-06-29,CareerBuilder,,N/A,https://www.careerbuilder.com/job/J3S7646HG2C619MPJ5F,False,front-end developer,[],0,new,,2025-06-29 13:38:56.524806,,
43661ced-132f-4ad6-9d20-c64b57eaad65,"Front-End Developer, Mid-JCC2-R",Semper Valens Solutions,"Work From Home, TX (Remote)","work from home, tx (remote)",2025-06-29,CareerBuilder,,N/A,https://www.careerbuilder.com/job/J3R4XN6X6VBZR155LLC,False,front-end developer,[],0,new,,2025-06-29 13:38:57.131598,,
a7ccf1b7-1635-48c5-ad8a-5bbbf4ffd6c5,NCIS SharePoint Developer | Active TS/SCI clearance,General Dynamics Information Technology,"Work From Home, VA (Remote)","work from home, va (remote)",2025-06-29,CareerBuilder,,N/A,https://www.careerbuilder.com/job/J3S6TC69Z6R8DJBSPQW,False,front-end developer,[],0,new,,2025-06-29 13:38:57.732451,,
932e2cf7-078a-49ec-942d-209e81dc4dcf,"Full Stack .NET, Angular developer - Remote - Harrisburg, PA - B3959B",Technovision Inc,USA (Remote),usa (remote),2025-06-29,CareerBuilder,,N/A,https://www.careerbuilder.com/job/JQQ4LL68FHXPW545VCQ,False,front-end developer,['angular'],0,new,,2025-06-29 13:38:58.356923,,
3cce833d-990c-4244-b162-7d1200e0552c,Frontend Developer,Jconnect,"Work From Home, PA (Remote)","work from home, pa (remote)",2025-06-29,CareerBuilder,,N/A,https://www.careerbuilder.com/job/J3R3V2661JLXJFWFLYH,False,front-end developer,[],0,new,,2025-06-29 13:38:58.970394,,
07931b01-3168-46a5-806e-f281c838879e,Remote Lead Frontend Developer,Wolters Kluwer,"Deerfield, IL (Remote)","deerfield, il (remote)",2025-06-29,CareerBuilder,,N/A,https://www.careerbuilder.com/job/J3R7WJ6KTWNL77HHQK1,False,front-end developer,[],0,new,,2025-06-29 13:38:59.574558,,
ce27536b-4226-4f2b-8618-dec74a638929,Senior Frontend Developer,Orion Groups,"Work From Home, PA (Remote)","work from home, pa (remote)",2025-06-29,CareerBuilder,,N/A,https://www.careerbuilder.com/job/J3S46J6N5PQJVT14WB3,False,front-end developer,[],0,new,,2025-06-29 13:39:00.132657,,
ac94e39b-4bcd-4544-beb4-e14efd8f52da,Frontend Developer,Saxon Global,"Work From Home, PA (Remote)","work from home, pa (remote)",2025-06-29,CareerBuilder,,N/A,https://www.careerbuilder.com/job/J3N16764S4D79RJNPGM,False,front-end developer,[],0,new,,2025-06-29 13:39:00.749877,,
5b43a179-652a-43a3-93da-ab67ad0b4b8d,Sr. Frontend React Developer,"RIT Solutions Inc/ Tech Dev IT/ Texperts Inc/ConceptsIT, Inc.","Work From Home, DE (Remote)","work from home, de (remote)",2025-06-29,CareerBuilder,,N/A,https://www.careerbuilder.com/job/J3P34R6RS94TF6JNR6V,False,front-end developer,['react'],0,new,,2025-06-29 13:39:01.343116,,
0019411f-4a8f-41e2-8a67-9815d2c56200,Frontend developer,"RIT Solutions, Inc.","Work From Home, AZ (Remote)","work from home, az (remote)",2025-06-29,CareerBuilder,,N/A,https://www.careerbuilder.com/job/J3R2H66699QV0HDFM0K,False,front-end developer,[],0,new,,2025-06-29 13:39:01.947664,,
f92962fc-68a2-4b3f-8549-656a0eb5a656,"Frontend Developer (HTML, CSS, and JS) - Remote",Novovu,"Fort Washington, PA (Remote)","fort washington, pa (remote)",2025-06-29,CareerBuilder,,N/A,https://www.careerbuilder.com/job/J3V4VL6704R80267R4Z,False,front-end developer,"['css', 'html']",0,new,,2025-06-29 13:39:02.563888,,
9e872612-73fb-4e7d-ad3a-2985b9299ee7,Front-End Developer,"eTeam, Inc.","Work From Home, CA (Remote)","work from home, ca (remote)",2025-06-29,CareerBuilder,,N/A,https://www.careerbuilder.com/job/J3T69B6KWK5MKD73DT3,False,front-end developer,[],0,new,,2025-06-29 13:39:08.643856,,
0358b5ac-a49c-4e35-988b-bb6305410ae5,Frontend Developer (React / TypeScript / Tailwind CSS),Outsourcing to Israel,"Work From Home, PA (Remote)","work from home, pa (remote)",2025-06-29,CareerBuilder,,N/A,https://www.careerbuilder.com/job/J3N26Y75ZHT6VRKGHXJ,False,front-end developer,"['css', 'react', 'tailwind css', 'typescript']",0,new,,2025-06-29 13:39:09.281579,,
0e39182d-3b06-43b7-8bbb-6ff5b76664df,Front-End Developer- Senior,"United Software Group, Inc.","Work From Home, PA (Remote)","work from home, pa (remote)",2025-06-29,CareerBuilder,,N/A,https://www.careerbuilder.com/job/J3M37S5VHR4S6YYY42L,False,front-end developer,[],0,new,,2025-06-29 13:39:09.938640,,
37700e94-2be4-450e-857c-ae641ce9ec2a,Front-End Developer- Senior,"Della Infotech, Inc.","Work From Home, PA (Remote)","work from home, pa (remote)",2025-06-29,CareerBuilder,,N/A,https://www.careerbuilder.com/job/J3P6NW6QJ6LNCH30L8T,False,front-end developer,[],0,new,,2025-06-29 13:39:10.644186,,
9ac704f3-3dbf-454e-a104-6658fa7d205e,Frontend-Focused Full Stack Developer,Inficare Technologies,"Work From Home, PA (Remote)","work from home, pa (remote)",2025-06-29,CareerBuilder,,N/A,https://www.careerbuilder.com/job/J3R88X721XTSLP7ZL1S,False,front-end developer,[],0,new,,2025-06-29 13:39:11.658923,,
3a0c7312-f09a-4409-9d32-15f8a907a532,"Software Engineer, Frontend - Developer Experience",Coinbase Global,"Work From Home, PA (Remote)","work from home, pa (remote)",2025-06-29,CareerBuilder,,N/A,https://www.careerbuilder.com/job/J3P4JL6H18RZN0Q8C22,False,front-end developer,[],0,new,,2025-06-29 13:39:12.884488,,
cde4fa68-1184-493f-ba47-b28763ce52dc,Front-End Web Developer- REMOTE WITHIN TEXAS,Saxon Global,"Work From Home, PA (Remote)","work from home, pa (remote)",2025-06-29,CareerBuilder,,N/A,https://www.careerbuilder.com/job/J3Q2DF5YX7Z8XV6JW7J,False,front-end developer,[],0,new,,2025-06-29 13:39:13.499361,,
a0348d8e-defe-4dc6-be92-06117d2031b1,"Drupal Developer, Front-end, Senior",Vaultes,"Work From Home, PA (Remote)","work from home, pa (remote)",2025-06-29,CareerBuilder,,N/A,https://www.careerbuilder.com/job/J3Q1786LQC8GB0VNNK2,False,front-end developer,[],0,new,,2025-06-29 13:39:14.156931,,
95e7087c-bfda-4b71-99da-4059bcbd867c,Frontend Developer iiiiiiiiiii,Eventhash,"Work From Home, PA (Remote)","work from home, pa (remote)",2025-06-29,CareerBuilder,,N/A,https://www.careerbuilder.com/job/J3N01560B1N5KSNHNFS,False,front-end developer,[],0,new,,2025-06-29 13:39:14.762505,,
fdeb09af-70e3-418c-8a05-e04074339fd2,Back End Developer,Piper Companies,"Work From Home, NC (Remote)","work from home, nc (remote)",2025-06-29,CareerBuilder,,N/A,https://www.careerbuilder.com/job/J3T6CW71DCY8HK2B4MP,False,front-end developer,[],0,new,,2025-06-29 13:39:15.380424,,
bb2e1fed-e532-40f5-8d31-674d788b3dd8,Manager - Adobe 1 AEM Frontend Technical Lead (Remote),Cognizant,"Saint Paul, MN (Remote)","saint paul, mn (remote)",2025-06-29,CareerBuilder,,N/A,https://www.careerbuilder.com/job/J3P1YH5WPDM08ZJC558,False,front-end developer,[],0,new,,2025-06-29 13:39:15.993739,,
73c0655d-7dea-4cd5-ba51-3e97642b1635,Manager - Adobe 1 AEM Frontend Technical Lead (Remote),Cognizant,"Sacramento, CA (Remote)","sacramento, ca (remote)",2025-06-29,CareerBuilder,,N/A,https://www.careerbuilder.com/job/J3W8396B1V6C51PH24Z,False,front-end developer,[],0,new,,2025-06-29 13:39:16.612346,,
f431ccb9-9991-4690-8e46-ddc3e569e050,Manager - Adobe 1 AEM Frontend Technical Lead (Remote),Cognizant,"Atlanta, GA (Remote)","atlanta, ga (remote)",2025-06-29,CareerBuilder,,N/A,https://www.careerbuilder.com/job/J3M88B63HNFHMS2KTJF,False,front-end developer,[],0,new,,2025-06-29 13:39:17.220240,,
d7d91eed-754a-4155-9f67-0aecfe3fd9b0,Manager - Adobe 1 AEM Frontend Technical Lead (Remote),Cognizant,"Tallahassee, FL (Remote)","tallahassee, fl (remote)",2025-06-29,CareerBuilder,,N/A,https://www.careerbuilder.com/job/J3S2K16HHGGVY9TJDVG,False,front-end developer,[],0,new,,2025-06-29 13:39:17.804143,,
923447bd-dca9-4136-b186-e889cd6c9da0,Manager - Adobe 1 AEM Frontend Technical Lead (Remote),Cognizant,"Boise, ID (Remote)","boise, id (remote)",2025-06-29,CareerBuilder,,N/A,https://www.careerbuilder.com/job/J3T49Y79D8P56PZMX1W,False,front-end developer,[],0,new,,2025-06-29 13:39:18.401984,,
9033d005-73e4-493b-884c-8b9dece18591,Manager - Adobe 1 AEM Frontend Technical Lead (Remote),Cognizant,"Pierre, SD (Remote)","pierre, sd (remote)",2025-06-29,CareerBuilder,,N/A,https://www.careerbuilder.com/job/J3P43R6V0VJPYFFFNK5,False,front-end developer,[],0,new,,2025-06-29 13:39:18.998070,,
5a603299-406c-4d01-85fe-0adbed53dcd4,Manager - Adobe 1 AEM Frontend Technical Lead (Remote),Cognizant,"Juneau, AK (Remote)","juneau, ak (remote)",2025-06-29,CareerBuilder,,N/A,https://www.careerbuilder.com/job/J3V70Y61QZXDJ5BSP7M,False,front-end developer,[],0,new,,2025-06-29 13:39:19.710671,,
0e899159-eb06-49d2-aa99-724764db4dd7,Manager - Adobe 1 AEM Frontend Technical Lead (Remote),Cognizant,"Nashville, TN (Remote)","nashville, tn (remote)",2025-06-29,CareerBuilder,,N/A,https://www.careerbuilder.com/job/J3T0DJ6L8JLZHBDDWCW,False,front-end developer,[],0,new,,2025-06-29 13:39:20.276741,,
eabeb493-9bad-41de-9526-8a77ca63a6d4,Manager - Adobe 1 AEM Frontend Technical Lead (Remote),Cognizant,"Hartford, CT (Remote)","hartford, ct (remote)",2025-06-29,CareerBuilder,,N/A,https://www.careerbuilder.com/job/J3N7DV6DHNNB7P1HYKY,False,front-end developer,[],0,new,,2025-06-29 13:39:20.887518,,
1ebaec1d-c359-4b2b-9802-98912c7bbbb7,Manager - Adobe 1 AEM Frontend Technical Lead (Remote),Cognizant,"Bismarck, ND (Remote)","bismarck, nd (remote)",2025-06-29,CareerBuilder,,N/A,https://www.careerbuilder.com/job/J3S1MX6P08L5F8X15LD,False,front-end developer,[],0,new,,2025-06-29 13:39:21.492527,,
edeca5c6-1524-4509-8dc1-ecc761cbeee2,Manager - Adobe 1 AEM Frontend Technical Lead (Remote),Cognizant,"Madison, WI (Remote)","madison, wi (remote)",2025-06-29,CareerBuilder,,N/A,https://www.careerbuilder.com/job/J3R6MV72LHNC5LB81HD,False,front-end developer,[],0,new,,2025-06-29 13:39:22.112849,,
0cce5943-9c95-4134-98d6-a09f70a94a69,Manager - Adobe 1 AEM Frontend Technical Lead (Remote),Cognizant,"Jackson, MS (Remote)","jackson, ms (remote)",2025-06-29,CareerBuilder,,N/A,https://www.careerbuilder.com/job/J3V1606VTNK6C8NGKG1,False,front-end developer,[],0,new,,2025-06-29 13:39:22.738172,,
fd755810-49c5-4ed4-9f43-55f582fe95d2,Manager - Adobe 1 AEM Frontend Technical Lead (Remote),Cognizant,"Carson City, NV (Remote)","carson city, nv (remote)",2025-06-29,CareerBuilder,,N/A,https://www.careerbuilder.com/job/J3W72T6WKDMN95MYYWF,False,front-end developer,[],0,new,,2025-06-29 13:39:23.353842,,
343bbbcd-f58c-4ca3-ae54-a8b732a38601,Manager - Adobe 1 AEM Frontend Technical Lead (Remote),Cognizant,"Jefferson City, MO (Remote)","jefferson city, mo (remote)",2025-06-29,CareerBuilder,,N/A,https://www.careerbuilder.com/job/J3R1KN773H9CZWKJ9C3,False,front-end developer,[],0,new,,2025-06-29 13:39:23.971984,,
621f38c4-b7c6-4ae1-892b-e22ea74151c0,Manager - Adobe 1 AEM Frontend Technical Lead (Remote),Cognizant,"Little Rock, AR (Remote)","little rock, ar (remote)",2025-06-29,CareerBuilder,,N/A,https://www.careerbuilder.com/job/J3Q1WB6KW7K7BH4MKX8,False,front-end developer,[],0,new,,2025-06-29 13:39:24.533755,,
7126b553-ee90-4e2f-9210-3a814da6b16b,Manager - Adobe 1 AEM Frontend Technical Lead (Remote),Cognizant,"Phoenix, AZ (Remote)","phoenix, az (remote)",2025-06-29,CareerBuilder,,N/A,https://www.careerbuilder.com/job/J3T3756CH2VGV5WZN0D,False,front-end developer,[],0,new,,2025-06-29 13:39:30.907512,,
0f091aab-83c8-493a-ac28-dfe574d74467,Manager - Adobe 1 AEM Frontend Technical Lead (Remote),Cognizant,"Harrisburg, PA (Remote)","harrisburg, pa (remote)",2025-06-29,CareerBuilder,,N/A,https://www.careerbuilder.com/job/J3P7706TS0KHGDH64WQ,False,front-end developer,[],0,new,,2025-06-29 13:39:31.546846,,
525983f6-d198-41e0-93e5-291a95f48145,Manager - Adobe 1 AEM Frontend Technical Lead (Remote),Cognizant,"Montpelier, VT (Remote)","montpelier, vt (remote)",2025-06-29,CareerBuilder,,N/A,https://www.careerbuilder.com/job/J3N4K56VWF95F8HWD19,False,front-end developer,[],0,new,,2025-06-29 13:39:32.151718,,
1a4d0559-d7d2-445a-923d-e8f2c9884bcc,Manager - Adobe 1 AEM Frontend Technical Lead (Remote),Cognizant,"Montgomery, AL (Remote)","montgomery, al (remote)",2025-06-29,CareerBuilder,,N/A,https://www.careerbuilder.com/job/J3V6S164RGKGY8KPPSC,False,front-end developer,[],0,new,,2025-06-29 13:39:32.742513,,
c84541a2-3de9-4f17-a240-d35dffe8539e,Manager - Adobe 1 AEM Frontend Technical Lead (Remote),Cognizant,"Columbia, SC (Remote)","columbia, sc (remote)",2025-06-29,CareerBuilder,,N/A,https://www.careerbuilder.com/job/J3M6NM64BT5NJT90R9F,False,front-end developer,[],0,new,,2025-06-29 13:39:33.334315,,
cf5e02a3-d543-4fc1-ba4e-ff2a01a0445a,Manager - Adobe 1 AEM Frontend Technical Lead (Remote),Cognizant,"Albany, NY (Remote)","albany, ny (remote)",2025-06-29,CareerBuilder,,N/A,https://www.careerbuilder.com/job/J3W2C15YVNW7SPPFDT4,False,front-end developer,[],0,new,,2025-06-29 13:39:33.951748,,
6cde5796-ae0c-4e8b-a751-aec9e8a29a3d,Manager - Adobe 1 AEM Frontend Technical Lead (Remote),Cognizant,"Austin, TX (Remote)","austin, tx (remote)",2025-06-29,CareerBuilder,,N/A,https://www.careerbuilder.com/job/J3S3VN6SBR4X25Q906V,False,front-end developer,[],0,new,,2025-06-29 13:39:34.554779,,
71a7d389-488e-4412-af3a-33b438a74c81,Manager - Adobe 1 AEM Frontend Technical Lead (Remote),Cognizant,"Baton Rouge, LA (Remote)","baton rouge, la (remote)",2025-06-29,CareerBuilder,,N/A,https://www.careerbuilder.com/job/J3S3CR6HJTS2FNPJTWD,False,front-end developer,[],0,new,,2025-06-29 13:39:35.117111,,
6feae81b-2eae-453f-8766-1c8ef9515968,Manager - Adobe 1 AEM Frontend Technical Lead (Remote),Cognizant,"Denver, CO (Remote)","denver, co (remote)",2025-06-29,CareerBuilder,,N/A,https://www.careerbuilder.com/job/J3Q3P171KTSWXT73B8H,False,front-end developer,[],0,new,,2025-06-29 13:39:35.722723,,
8af02e38-d047-44e0-82dd-91545339785a,Manager - Adobe 1 AEM Frontend Technical Lead (Remote),Cognizant,"Springfield, IL (Remote)","springfield, il (remote)",2025-06-29,CareerBuilder,,N/A,https://www.careerbuilder.com/job/J3T2NQ77R54V1RQN9PD,False,front-end developer,[],0,new,,2025-06-29 13:39:36.357993,,
e6b2da69-3393-4a62-b5cc-aa66d7dc350d,Manager - Adobe 1 AEM Frontend Technical Lead (Remote),Cognizant,"Concord, NH (Remote)","concord, nh (remote)",2025-06-29,CareerBuilder,,N/A,https://www.careerbuilder.com/job/J3N7DR730XPYHYSWQ02,False,front-end developer,[],0,new,,2025-06-29 13:39:36.938252,,
e6a88819-3e03-403d-91e1-418c137de573,Manager - Adobe 1 AEM Frontend Technical Lead (Remote),Cognizant,"Augusta, ME (Remote)","augusta, me (remote)",2025-06-29,CareerBuilder,,N/A,https://www.careerbuilder.com/job/J3T25W632136JG2ZL5X,False,front-end developer,[],0,new,,2025-06-29 13:39:37.555742,,
7ae1a441-f574-4ab3-9ce3-b6070c61cf63,Manager - Adobe 1 AEM Frontend Technical Lead (Remote),Cognizant,"Raleigh, NC (Remote)","raleigh, nc (remote)",2025-06-29,CareerBuilder,,N/A,https://www.careerbuilder.com/job/J3P2QT6GQJYP9XCRYWP,False,front-end developer,[],0,new,,2025-06-29 13:39:38.133874,,
f57f8fbc-0911-4327-9624-57d405a50b96,Manager - Adobe 1 AEM Frontend Technical Lead (Remote),Cognizant,"Charleston, WV (Remote)","charleston, wv (remote)",2025-06-29,CareerBuilder,,N/A,https://www.careerbuilder.com/job/J3M3WW6G46QXCZ2RVKJ,False,front-end developer,[],0,new,,2025-06-29 13:39:38.773951,,
c6bbb44d-3893-4a2f-b546-03b376e284fe,Manager - Adobe 1 AEM Frontend Technical Lead (Remote),Cognizant,"Honolulu, HI (Remote)","honolulu, hi (remote)",2025-06-29,CareerBuilder,,N/A,https://www.careerbuilder.com/job/J3W0276RDP8G3TZYNNL,False,front-end developer,[],0,new,,2025-06-29 13:39:39.375320,,
0bc5f85d-5e7c-4df9-843d-bf391babbe56,Manager - Adobe 1 AEM Frontend Technical Lead (Remote),Cognizant,"Helena, MT (Remote)","helena, mt (remote)",2025-06-29,CareerBuilder,,N/A,https://www.careerbuilder.com/job/J3Q07M6ZKR57Q664598,False,front-end developer,[],0,new,,2025-06-29 13:39:40.060348,,
286d8a75-d042-44ad-b883-a2448d7b0ee1,Manager - Adobe 1 AEM Frontend Technical Lead (Remote),Cognizant,"Topeka, KS (Remote)","topeka, ks (remote)",2025-06-29,CareerBuilder,,N/A,https://www.careerbuilder.com/job/J3P2CT73YC68Q6W4QKW,False,front-end developer,[],0,new,,2025-06-29 13:39:40.652169,,
f151ce9c-42d9-40bd-bbc6-f73417ce6bc0,Manager - Adobe 1 AEM Frontend Technical Lead (Remote),Cognizant,"Salem, OR (Remote)","salem, or (remote)",2025-06-29,CareerBuilder,,N/A,https://www.careerbuilder.com/job/J3M74C6LT2CJW9WK4YP,False,front-end developer,[],0,new,,2025-06-29 13:39:41.283754,,
d8df7beb-7aa8-4cd2-9d0f-7cf0c1d0c468,Manager - Adobe 1 AEM Frontend Technical Lead (Remote),Cognizant,"Salt Lake City, UT (Remote)","salt lake city, ut (remote)",2025-06-29,CareerBuilder,,N/A,https://www.careerbuilder.com/job/J3R6K365Y03KXWCG77Z,False,front-end developer,[],0,new,,2025-06-29 13:39:42.005745,,
0692cc43-645d-4e03-aeab-83335e42354c,Manager - Adobe 1 AEM Frontend Technical Lead (Remote),Cognizant,"Indianapolis, IN (Remote)","indianapolis, in (remote)",2025-06-29,CareerBuilder,,N/A,https://www.careerbuilder.com/job/J3S3SS6RBWPH3KN9RGC,False,front-end developer,[],0,new,,2025-06-29 13:39:42.580263,,
c09388b6-38e0-48fb-a3b7-5f1ac73e7702,Manager - Adobe 1 AEM Frontend Technical Lead (Remote),Cognizant,"Santa Fe, NM (Remote)","santa fe, nm (remote)",2025-06-29,CareerBuilder,,N/A,https://www.careerbuilder.com/job/J3P0KV6HF4L4KZ1FDF2,False,front-end developer,[],0,new,,2025-06-29 13:39:43.171411,,
1c6bb444-06f7-4487-bcef-2ce36ec3aaf3,Manager - Adobe 1 AEM Frontend Technical Lead (Remote),Cognizant,"Columbus, OH (Remote)","columbus, oh (remote)",2025-06-29,CareerBuilder,,N/A,https://www.careerbuilder.com/job/J3Q00F6H7R42W4N2FYS,False,front-end developer,[],0,new,,2025-06-29 13:39:43.743585,,
64bd4447-72ed-4974-a04e-eaabd682b053,Manager - Adobe 1 AEM Frontend Technical Lead (Remote),Cognizant,"Cheyenne, WY (Remote)","cheyenne, wy (remote)",2025-06-29,CareerBuilder,,N/A,https://www.careerbuilder.com/job/J3V7BW6Q3VX677Y343J,False,front-end developer,[],0,new,,2025-06-29 13:39:44.344682,,
53248108-30eb-478c-8ff3-9f1cfd9ec45c,Manager - Adobe 1 AEM Frontend Technical Lead (Remote),Cognizant,"Dover, DE (Remote)","dover, de (remote)",2025-06-29,CareerBuilder,,N/A,https://www.careerbuilder.com/job/J3N72Q6Q8MLX6X09X5Z,False,front-end developer,[],0,new,,2025-06-29 13:39:44.955825,,
d4fbff75-6f1f-4b1e-a37c-ee48d1821451,Manager - Adobe 1 AEM Frontend Technical Lead (Remote),Cognizant,"Lincoln, NE (Remote)","lincoln, ne (remote)",2025-06-29,CareerBuilder,,N/A,https://www.careerbuilder.com/job/J3W6JK6ZF48ZR34T3YN,False,front-end developer,[],0,new,,2025-06-29 13:39:45.568245,,
