title,company,location,salary,apply_url,source,scraped_at
See similar jobs,No Company Found,No Location Found,Salary Not Provided,https://www.linkedin.com/jobs/collections/similar-jobs?referenceJobId=4191956864&origin=JOB_ALERT_EMAIL&lipi=urn%3Ali%3Apage%3Aemail_email_job_alert_digest_01%3B5BaVWgz2SbSqyDUZWMBiMw%3D%3D&midToken=AQEKHR1Imwpbig&midSig=3MBUFjj2xTdXI1&trk=eml-email_job_alert_digest_01-job~alert-0-see~similar~jobs&trkEmail=eml-email_job_alert_digest_01-job~alert-0-see~similar~jobs-null-ktjvvs~m8mpf7hu~41-null-null&eid=ktjvvs-m8mpf7hu-41&otpToken=MTMwNzFiZTgxYjI4YzljNWIyMjYwZmViNDExYWU1YjM4NmM2ZDg0MjljYWY4NzYzN2JjZjA4Njk0YTVlNThmMWZlZDBkNmU5NzFmNWU4ZTU3M2ZmZjZhN2Y2NWUxZDQ0ZTU5NGUxYWJhZDk0NTJjODA0YzdjMjA2LDEsMQ%3D%3D,LinkedIn Job Alerts,2025-06-19T12:53:18.207697+00:00
See similar jobs,entry level software developer,"Nashville, TN",$0,https://www.linkedin.com/jobs/collections/similar-jobs?referenceJobId=4191956864&origin=JOB_ALERT_EMAIL&lipi=urn%3Ali%3Apage%3Aemail_email_job_alert_digest_01%3B5BaVWgz2SbSqyDUZWMBiMw%3D%3D&midToken=AQEKHR1Imwpbig&midSig=3MBUFjj2xTdXI1&trk=eml-email_job_alert_digest_01-job~alert-0-see~similar~jobs&trkEmail=eml-email_job_alert_digest_01-job~alert-0-see~similar~jobs-null-ktjvvs~m8mpf7hu~41-null-null&eid=ktjvvs-m8mpf7hu-41&otpToken=MTMwNzFiZTgxYjI4YzljNWIyMjYwZmViNDExYWU1YjM4NmM2ZDg0MjljYWY4NzYzN2JjZjA4Njk0YTVlNThmMWZlZDBkNmU5NzFmNWU4ZTU3M2ZmZjZhN2Y2NWUxZDQ0ZTU5NGUxYWJhZDk0NTJjODA0YzdjMjA2LDEsMQ%3D%3D,LinkedIn Job Alerts,2025-06-19T12:53:18.204868+00:00
See similar jobs,No Company Found,No Location Found,Salary Not Provided,https://www.linkedin.com/jobs/collections/similar-jobs?referenceJobId=4169625474&origin=JOB_ALERT_EMAIL&lipi=urn%3Ali%3Apage%3Aemail_email_job_alert_digest_01%3BlRPwfR86T0%2BCzHwdnV2oQA%3D%3D&midToken=AQEKHR1Imwpbig&midSig=3s8RzY4CDncrI1&trk=eml-email_job_alert_digest_01-job~alert-0-see~similar~jobs&trkEmail=eml-email_job_alert_digest_01-job~alert-0-see~similar~jobs-null-ktjvvs~m8l9zco3~ex-null-null&eid=ktjvvs-m8l9zco3-ex&otpToken=MTMwNzFiZTgxYjI4YzljNWIyMjYwZmViNDExYWU1YjM4ZWNjZDQ0MzljYWE4YTYzN2JjZjA4Njk0YTVlNThmMWZlZDBkNmU5NDFjZmU1ZGQ3NDgzZWNiNTdjODFhMWFhYjQ1NWRkMDk0NWJlZWJjZTY1MDY3NGY4LDEsMQ%3D%3D,LinkedIn Job Alerts,2025-06-19T12:53:17.896817+00:00
See similar jobs,entry level software developer,"Pablo, MT",$0,https://www.linkedin.com/jobs/collections/similar-jobs?referenceJobId=4169625474&origin=JOB_ALERT_EMAIL&lipi=urn%3Ali%3Apage%3Aemail_email_job_alert_digest_01%3BlRPwfR86T0%2BCzHwdnV2oQA%3D%3D&midToken=AQEKHR1Imwpbig&midSig=3s8RzY4CDncrI1&trk=eml-email_job_alert_digest_01-job~alert-0-see~similar~jobs&trkEmail=eml-email_job_alert_digest_01-job~alert-0-see~similar~jobs-null-ktjvvs~m8l9zco3~ex-null-null&eid=ktjvvs-m8l9zco3-ex&otpToken=MTMwNzFiZTgxYjI4YzljNWIyMjYwZmViNDExYWU1YjM4ZWNjZDQ0MzljYWE4YTYzN2JjZjA4Njk0YTVlNThmMWZlZDBkNmU5NDFjZmU1ZGQ3NDgzZWNiNTdjODFhMWFhYjQ1NWRkMDk0NWJlZWJjZTY1MDY3NGY4LDEsMQ%3D%3D,LinkedIn Job Alerts,2025-06-19T12:53:17.894422+00:00
See similar jobs,No Company Found,No Location Found,Salary Not Provided,https://www.linkedin.com/jobs/collections/similar-jobs?referenceJobId=4187993887&origin=JOB_ALERT_EMAIL&lipi=urn%3Ali%3Apage%3Aemail_email_job_alert_digest_01%3BEO8wZFD9RCyijt83ZlOtuQ%3D%3D&midToken=AQEKHR1Imwpbig&midSig=2EiVZG9IUDbrI1&trk=eml-email_job_alert_digest_01-job~alert-0-see~similar~jobs&trkEmail=eml-email_job_alert_digest_01-job~alert-0-see~similar~jobs-null-ktjvvs~m8k344wb~ag-null-null&eid=ktjvvs-m8k344wb-ag&otpToken=MTMwNzFiZTgxYjI4YzljNWIyMjYwZmViNDExYWU1YjI4YmNlZDQ0MzlmYTc4NzZkN2JjZjA4Njk0YTVlNThmMWZlZDBkNmU5NTVlY2RhY2IwNmEyZDM5OWVmMmM1MDRlZDhkNWY4M2IzYjNlZGJkYjFiMzcyNzViLDEsMQ%3D%3D,LinkedIn Job Alerts,2025-06-19T12:53:17.130841+00:00
See similar jobs,frontend developer,"Portland, OR",$0,https://www.linkedin.com/jobs/collections/similar-jobs?referenceJobId=4187993887&origin=JOB_ALERT_EMAIL&lipi=urn%3Ali%3Apage%3Aemail_email_job_alert_digest_01%3BEO8wZFD9RCyijt83ZlOtuQ%3D%3D&midToken=AQEKHR1Imwpbig&midSig=2EiVZG9IUDbrI1&trk=eml-email_job_alert_digest_01-job~alert-0-see~similar~jobs&trkEmail=eml-email_job_alert_digest_01-job~alert-0-see~similar~jobs-null-ktjvvs~m8k344wb~ag-null-null&eid=ktjvvs-m8k344wb-ag&otpToken=MTMwNzFiZTgxYjI4YzljNWIyMjYwZmViNDExYWU1YjI4YmNlZDQ0MzlmYTc4NzZkN2JjZjA4Njk0YTVlNThmMWZlZDBkNmU5NTVlY2RhY2IwNmEyZDM5OWVmMmM1MDRlZDhkNWY4M2IzYjNlZGJkYjFiMzcyNzViLDEsMQ%3D%3D,LinkedIn Job Alerts,2025-06-19T12:53:17.127696+00:00
See similar jobs,No Company Found,No Location Found,Salary Not Provided,https://www.linkedin.com/jobs/collections/similar-jobs?referenceJobId=4185483995&origin=JOB_ALERT_EMAIL&lipi=urn%3Ali%3Apage%3Aemail_email_job_alert_digest_01%3BAqRsAKCITk%2BKoYEg2rwFfw%3D%3D&midToken=AQEKHR1Imwpbig&midSig=1enLSleGen9HI1&trk=eml-email_job_alert_digest_01-job~alert-0-see~similar~jobs&trkEmail=eml-email_job_alert_digest_01-job~alert-0-see~similar~jobs-null-ktjvvs~m8if3nv6~l0-null-null&eid=ktjvvs-m8if3nv6-l0&otpToken=MTMwNzFiZTgxYjI4YzljNWIyMjYwZmViNDExYWU1YjE4Y2M3ZDY0MjkxYTg4NzZlN2JjZjA4Njk0YTVlNThmMWZlZDBkNmU5MTFiOWRmZmU3ZjlhY2NiNTcyNzEyNDk1OWViODI2MWQ4YWRkMWMyMGQ3M2NmZWQ0LDEsMQ%3D%3D,LinkedIn Job Alerts,2025-06-19T12:53:15.736314+00:00
See similar jobs,entry level software developer,"Actively recruiting                      Easy Apply                                                           Sr Pentest Security Engineer, Devices",$0,https://www.linkedin.com/jobs/collections/similar-jobs?referenceJobId=4185483995&origin=JOB_ALERT_EMAIL&lipi=urn%3Ali%3Apage%3Aemail_email_job_alert_digest_01%3BAqRsAKCITk%2BKoYEg2rwFfw%3D%3D&midToken=AQEKHR1Imwpbig&midSig=1enLSleGen9HI1&trk=eml-email_job_alert_digest_01-job~alert-0-see~similar~jobs&trkEmail=eml-email_job_alert_digest_01-job~alert-0-see~similar~jobs-null-ktjvvs~m8if3nv6~l0-null-null&eid=ktjvvs-m8if3nv6-l0&otpToken=MTMwNzFiZTgxYjI4YzljNWIyMjYwZmViNDExYWU1YjE4Y2M3ZDY0MjkxYTg4NzZlN2JjZjA4Njk0YTVlNThmMWZlZDBkNmU5MTFiOWRmZmU3ZjlhY2NiNTcyNzEyNDk1OWViODI2MWQ4YWRkMWMyMGQ3M2NmZWQ0LDEsMQ%3D%3D,LinkedIn Job Alerts,2025-06-19T12:53:15.733229+00:00
See similar jobs,No Company Found,No Location Found,Salary Not Provided,https://www.linkedin.com/jobs/collections/similar-jobs?referenceJobId=4188878644&origin=JOB_ALERT_EMAIL&lipi=urn%3Ali%3Apage%3Aemail_email_job_alert_digest_01%3Br4CZ0%2BD6SNqn5onBn4f61A%3D%3D&midToken=AQEKHR1Imwpbig&midSig=3AFIsy4vtv8HI1&trk=eml-email_job_alert_digest_01-job~alert-0-see~similar~jobs&trkEmail=eml-email_job_alert_digest_01-job~alert-0-see~similar~jobs-null-ktjvvs~m8hciqhj~zu-null-null&eid=ktjvvs-m8hciqhj-zu&otpToken=MTMwNzFiZTgxYjI4YzljNWIyMjYwZmViNDExYWU1YjA4OGNhZDg0MjlhYTg4ZDZiN2JjZjA4Njk0YTVlNThmMWZlZDBkNmU5NDZlOWJhZTkwMmJmZDFhYjRmZGRmMWM5MDc5ZjZhNDk0NTJlYTE3YzZiMTgxZmUxLDEsMQ%3D%3D,LinkedIn Job Alerts,2025-06-19T12:53:14.955599+00:00
See similar jobs,freelance,"Easy Apply                                                           Head of Marketing, Communications",$0,https://www.linkedin.com/jobs/collections/similar-jobs?referenceJobId=4188878644&origin=JOB_ALERT_EMAIL&lipi=urn%3Ali%3Apage%3Aemail_email_job_alert_digest_01%3Br4CZ0%2BD6SNqn5onBn4f61A%3D%3D&midToken=AQEKHR1Imwpbig&midSig=3AFIsy4vtv8HI1&trk=eml-email_job_alert_digest_01-job~alert-0-see~similar~jobs&trkEmail=eml-email_job_alert_digest_01-job~alert-0-see~similar~jobs-null-ktjvvs~m8hciqhj~zu-null-null&eid=ktjvvs-m8hciqhj-zu&otpToken=MTMwNzFiZTgxYjI4YzljNWIyMjYwZmViNDExYWU1YjA4OGNhZDg0MjlhYTg4ZDZiN2JjZjA4Njk0YTVlNThmMWZlZDBkNmU5NDZlOWJhZTkwMmJmZDFhYjRmZGRmMWM5MDc5ZjZhNDk0NTJlYTE3YzZiMTgxZmUxLDEsMQ%3D%3D,LinkedIn Job Alerts,2025-06-19T12:53:14.943728+00:00
See similar jobs,No Company Found,No Location Found,Salary Not Provided,https://www.linkedin.com/jobs/collections/similar-jobs?referenceJobId=4184918617&origin=JOB_ALERT_EMAIL&lipi=urn%3Ali%3Apage%3Aemail_email_job_alert_digest_01%3BACKMG3POS5GDP4zbBRlqHg%3D%3D&midToken=AQEKHR1Imwpbig&midSig=2qXyP1OlHD8rI1&trk=eml-email_job_alert_digest_01-job~alert-0-see~similar~jobs&trkEmail=eml-email_job_alert_digest_01-job~alert-0-see~similar~jobs-null-ktjvvs~m8h88f82~hd-null-null&eid=ktjvvs-m8h88f82-hd&otpToken=MTMwNzFiZTgxYjI4YzljNWIyMjYwZmViNDExYWU1YjA4OWM5ZDY0MzlhYTY4NzY4N2JjZjA4Njk0YTVlNThmMWZlZDBkNmU5MTNmNmZiYzY2MTliZDY5ODI3MDAzMjJhMjQxZWU0MDNkNWJiNjA3NDliYmJkMmU1LDEsMQ%3D%3D,LinkedIn Job Alerts,2025-06-19T12:53:14.630476+00:00
See similar jobs,web developer,"See jobs                      Other jobs you might be interested in                             Web Administrator       Resource Informatics Group, Inc",$83,https://www.linkedin.com/jobs/collections/similar-jobs?referenceJobId=4184918617&origin=JOB_ALERT_EMAIL&lipi=urn%3Ali%3Apage%3Aemail_email_job_alert_digest_01%3BACKMG3POS5GDP4zbBRlqHg%3D%3D&midToken=AQEKHR1Imwpbig&midSig=2qXyP1OlHD8rI1&trk=eml-email_job_alert_digest_01-job~alert-0-see~similar~jobs&trkEmail=eml-email_job_alert_digest_01-job~alert-0-see~similar~jobs-null-ktjvvs~m8h88f82~hd-null-null&eid=ktjvvs-m8h88f82-hd&otpToken=MTMwNzFiZTgxYjI4YzljNWIyMjYwZmViNDExYWU1YjA4OWM5ZDY0MzlhYTY4NzY4N2JjZjA4Njk0YTVlNThmMWZlZDBkNmU5MTNmNmZiYzY2MTliZDY5ODI3MDAzMjJhMjQxZWU0MDNkNWJiNjA3NDliYmJkMmU1LDEsMQ%3D%3D,LinkedIn Job Alerts,2025-06-19T12:53:14.628092+00:00
See similar jobs,No Company Found,No Location Found,Salary Not Provided,https://www.linkedin.com/jobs/collections/similar-jobs?referenceJobId=4184917801&origin=JOB_ALERT_EMAIL&lipi=urn%3Ali%3Apage%3Aemail_email_job_alert_digest_01%3Ba4RziknCTX64iQ070GQoCw%3D%3D&midToken=AQEKHR1Imwpbig&midSig=2y29GBL23T8bI1&trk=eml-email_job_alert_digest_01-job~alert-0-see~similar~jobs&trkEmail=eml-email_job_alert_digest_01-job~alert-0-see~similar~jobs-null-ktjvvs~m8gznsgx~l8-null-null&eid=ktjvvs-m8gznsgx-l8&otpToken=MTMwNzFiZTgxYjI4YzljNWIyMjYwZmViNDExYWU1YjA4YWNkZDI0NTlkYWQ4ODZkN2JjZjA4Njk0YTVlNThmMWZlZDBkNmU5NDdkMmRiYzI3YmZjZDRiOWQwYzNhMzM4NGQ2ZjE5ZTk0ZWE5MTYzZmY1OGUyNzE0LDEsMQ%3D%3D,LinkedIn Job Alerts,2025-06-19T12:53:14.065847+00:00
See similar jobs,frontend developer,"Boston, MA",$0,https://www.linkedin.com/jobs/collections/similar-jobs?referenceJobId=4184917801&origin=JOB_ALERT_EMAIL&lipi=urn%3Ali%3Apage%3Aemail_email_job_alert_digest_01%3Ba4RziknCTX64iQ070GQoCw%3D%3D&midToken=AQEKHR1Imwpbig&midSig=2y29GBL23T8bI1&trk=eml-email_job_alert_digest_01-job~alert-0-see~similar~jobs&trkEmail=eml-email_job_alert_digest_01-job~alert-0-see~similar~jobs-null-ktjvvs~m8gznsgx~l8-null-null&eid=ktjvvs-m8gznsgx-l8&otpToken=MTMwNzFiZTgxYjI4YzljNWIyMjYwZmViNDExYWU1YjA4YWNkZDI0NTlkYWQ4ODZkN2JjZjA4Njk0YTVlNThmMWZlZDBkNmU5NDdkMmRiYzI3YmZjZDRiOWQwYzNhMzM4NGQ2ZjE5ZTk0ZWE5MTYzZmY1OGUyNzE0LDEsMQ%3D%3D,LinkedIn Job Alerts,2025-06-19T12:53:14.063408+00:00
See similar jobs,No Company Found,No Location Found,Salary Not Provided,https://www.linkedin.com/jobs/collections/similar-jobs?referenceJobId=3541782917&origin=JOB_ALERT_EMAIL&lipi=urn%3Ali%3Apage%3Aemail_email_job_alert_digest_01%3B8TIQKs7BQ6KTPpiXontdDQ%3D%3D&midToken=AQEKHR1Imwpbig&midSig=3ZeAw-xaJ_8bI1&trk=eml-email_job_alert_digest_01-job~alert-0-see~similar~jobs&trkEmail=eml-email_job_alert_digest_01-job~alert-0-see~similar~jobs-null-ktjvvs~m8gvdgdd~pn-null-null&eid=ktjvvs-m8gvdgdd-pn&otpToken=MTMwNzFiZTgxYjI4YzljNWIyMjYwZmViNDExYWU1YjA4YmM4ZDA0MzlkYWY4ZTY5N2JjZjA4Njk0YTVlNThmMWZlZDBkNmU5NWJjOGNmYzYwMGZlZDZhNjg0NTk3NDlhMGRjMzNhODMzYjdhYjMyNDYwOGUxYmVlLDEsMQ%3D%3D,LinkedIn Job Alerts,2025-06-19T12:53:13.741080+00:00
See similar jobs,web developer,"Arkansas, United States",$0,https://www.linkedin.com/jobs/collections/similar-jobs?referenceJobId=3541782917&origin=JOB_ALERT_EMAIL&lipi=urn%3Ali%3Apage%3Aemail_email_job_alert_digest_01%3B8TIQKs7BQ6KTPpiXontdDQ%3D%3D&midToken=AQEKHR1Imwpbig&midSig=3ZeAw-xaJ_8bI1&trk=eml-email_job_alert_digest_01-job~alert-0-see~similar~jobs&trkEmail=eml-email_job_alert_digest_01-job~alert-0-see~similar~jobs-null-ktjvvs~m8gvdgdd~pn-null-null&eid=ktjvvs-m8gvdgdd-pn&otpToken=MTMwNzFiZTgxYjI4YzljNWIyMjYwZmViNDExYWU1YjA4YmM4ZDA0MzlkYWY4ZTY5N2JjZjA4Njk0YTVlNThmMWZlZDBkNmU5NWJjOGNmYzYwMGZlZDZhNjg0NTk3NDlhMGRjMzNhODMzYjdhYjMyNDYwOGUxYmVlLDEsMQ%3D%3D,LinkedIn Job Alerts,2025-06-19T12:53:13.737696+00:00
See similar jobs,No Company Found,No Location Found,Salary Not Provided,https://www.linkedin.com/jobs/collections/similar-jobs?referenceJobId=4183934845&origin=JOB_ALERT_EMAIL&lipi=urn%3Ali%3Apage%3Aemail_email_job_alert_digest_01%3BfnEuq8WeSva15RKYM7M7Ug%3D%3D&midToken=AQEKHR1Imwpbig&midSig=27d9UZmk5b7bI1&trk=eml-email_job_alert_digest_01-job~alert-0-see~similar~jobs&trkEmail=eml-email_job_alert_digest_01-job~alert-0-see~similar~jobs-null-ktjvvs~m8fsskid~mo-null-null&eid=ktjvvs-m8fsskid-mo&otpToken=MTMwNzFiZTgxYjI4YzljNWIyMjYwZmViNDExYWU1Yjc4N2NmZDQ0Njk5YWM4YjY4N2JjZjA4Njk0YTVlNThmMWZlZDBkNmU5NTJlNGJhZDg0Njk5ZThiOGVmY2VkZjQ4YjVkODljOTFkOWJiNTM0ZDlmZTIyODA5LDEsMQ%3D%3D,LinkedIn Job Alerts,2025-06-19T12:53:13.085748+00:00
See similar jobs,web developer,"Arkansas, United States",$0,https://www.linkedin.com/jobs/collections/similar-jobs?referenceJobId=4183934845&origin=JOB_ALERT_EMAIL&lipi=urn%3Ali%3Apage%3Aemail_email_job_alert_digest_01%3BfnEuq8WeSva15RKYM7M7Ug%3D%3D&midToken=AQEKHR1Imwpbig&midSig=27d9UZmk5b7bI1&trk=eml-email_job_alert_digest_01-job~alert-0-see~similar~jobs&trkEmail=eml-email_job_alert_digest_01-job~alert-0-see~similar~jobs-null-ktjvvs~m8fsskid~mo-null-null&eid=ktjvvs-m8fsskid-mo&otpToken=MTMwNzFiZTgxYjI4YzljNWIyMjYwZmViNDExYWU1Yjc4N2NmZDQ0Njk5YWM4YjY4N2JjZjA4Njk0YTVlNThmMWZlZDBkNmU5NTJlNGJhZDg0Njk5ZThiOGVmY2VkZjQ4YjVkODljOTFkOWJiNTM0ZDlmZTIyODA5LDEsMQ%3D%3D,LinkedIn Job Alerts,2025-06-19T12:53:13.082349+00:00
See similar jobs,No Company Found,No Location Found,Salary Not Provided,https://www.linkedin.com/jobs/collections/similar-jobs?referenceJobId=4185923044&origin=JOB_ALERT_EMAIL&lipi=urn%3Ali%3Apage%3Aemail_email_job_alert_digest_01%3BVAZQIXdVRuGOwzFnq0W5Hw%3D%3D&midToken=AQEKHR1Imwpbig&midSig=2bzioVzM3f6XI1&trk=eml-email_job_alert_digest_01-job~alert-0-see~similar~jobs&trkEmail=eml-email_job_alert_digest_01-job~alert-0-see~similar~jobs-null-ktjvvs~m8foi8re~te-null-null&eid=ktjvvs-m8foi8re-te&otpToken=MTMwNzFiZTgxYjI4YzljNWIyMjYwZmViNDExYWU1Yjc4OGNhZDA0NzlhYTk4YTZjN2JjZjA4Njk0YTVlNThmMWZlZDBkNmU5NzZmOWQxZjM2NzgwZmZiYmMyYTgzODU2NTEyMjRiNjU0ODRkMGRkYzA4NzUwNTIyLDEsMQ%3D%3D,LinkedIn Job Alerts,2025-06-19T12:53:12.702198+00:00
See similar jobs,entry level software developer,"Front End Engineering Intern, Innovations Group       Centric Software",$0,https://www.linkedin.com/jobs/collections/similar-jobs?referenceJobId=4185923044&origin=JOB_ALERT_EMAIL&lipi=urn%3Ali%3Apage%3Aemail_email_job_alert_digest_01%3BVAZQIXdVRuGOwzFnq0W5Hw%3D%3D&midToken=AQEKHR1Imwpbig&midSig=2bzioVzM3f6XI1&trk=eml-email_job_alert_digest_01-job~alert-0-see~similar~jobs&trkEmail=eml-email_job_alert_digest_01-job~alert-0-see~similar~jobs-null-ktjvvs~m8foi8re~te-null-null&eid=ktjvvs-m8foi8re-te&otpToken=MTMwNzFiZTgxYjI4YzljNWIyMjYwZmViNDExYWU1Yjc4OGNhZDA0NzlhYTk4YTZjN2JjZjA4Njk0YTVlNThmMWZlZDBkNmU5NzZmOWQxZjM2NzgwZmZiYmMyYTgzODU2NTEyMjRiNjU0ODRkMGRkYzA4NzUwNTIyLDEsMQ%3D%3D,LinkedIn Job Alerts,2025-06-19T12:53:12.699769+00:00
See similar jobs,No Company Found,No Location Found,Salary Not Provided,https://www.linkedin.com/jobs/collections/similar-jobs?referenceJobId=4188710305&origin=JOB_ALERT_EMAIL&lipi=urn%3Ali%3Apage%3Aemail_email_job_alert_digest_01%3B86cG4U6nTCilxnGNkjGa%2Fw%3D%3D&midToken=AQEKHR1Imwpbig&midSig=1gGB37tp9n6XI1&trk=eml-email_job_alert_digest_01-job~alert-0-see~similar~jobs&trkEmail=eml-email_job_alert_digest_01-job~alert-0-see~similar~jobs-null-ktjvvs~m8fk7xhb~6e-null-null&eid=ktjvvs-m8fk7xhb-6e&otpToken=MTMwNzFiZTgxYjI4YzljNWIyMjYwZmViNDExYWU1Yjc4OWM4ZDg0NzlhYWM4YjY5N2JjZjA4Njk0YTVlNThmMWZlZDBkNmU5NjFlOWJmZDU0ZmZlYzhhOTRmYjkyNTM3ODZkOWExNGMxMjEzNjMwZTQxYzBkNDJhLDEsMQ%3D%3D,LinkedIn Job Alerts,2025-06-19T12:53:12.435648+00:00
See similar jobs,freelance,"Knoxville, TN",$0,https://www.linkedin.com/jobs/collections/similar-jobs?referenceJobId=4188710305&origin=JOB_ALERT_EMAIL&lipi=urn%3Ali%3Apage%3Aemail_email_job_alert_digest_01%3B86cG4U6nTCilxnGNkjGa%2Fw%3D%3D&midToken=AQEKHR1Imwpbig&midSig=1gGB37tp9n6XI1&trk=eml-email_job_alert_digest_01-job~alert-0-see~similar~jobs&trkEmail=eml-email_job_alert_digest_01-job~alert-0-see~similar~jobs-null-ktjvvs~m8fk7xhb~6e-null-null&eid=ktjvvs-m8fk7xhb-6e&otpToken=MTMwNzFiZTgxYjI4YzljNWIyMjYwZmViNDExYWU1Yjc4OWM4ZDg0NzlhYWM4YjY5N2JjZjA4Njk0YTVlNThmMWZlZDBkNmU5NjFlOWJmZDU0ZmZlYzhhOTRmYjkyNTM3ODZkOWExNGMxMjEzNjMwZTQxYzBkNDJhLDEsMQ%3D%3D,LinkedIn Job Alerts,2025-06-19T12:53:12.433245+00:00
See similar jobs,No Company Found,No Location Found,Salary Not Provided,https://www.linkedin.com/jobs/collections/similar-jobs?referenceJobId=4187676191&origin=JOB_ALERT_EMAIL&lipi=urn%3Ali%3Apage%3Aemail_email_job_alert_digest_01%3B3%2BTY%2BG4nRCOA5liNSYWUPA%3D%3D&midToken=AQEKHR1Imwpbig&midSig=02fnQFDnwL5HI1&trk=eml-email_job_alert_digest_01-job~alert-0-see~similar~jobs&trkEmail=eml-email_job_alert_digest_01-job~alert-0-see~similar~jobs-null-ktjvvs~m8e92e6p~zm-null-null&eid=ktjvvs-m8e92e6p-zm&otpToken=MTMwNzFiZTgxYjI4YzljNWIyMjYwZmViNDExYWU1YjY4N2M5ZDY0MzkwYTc4NzZhN2JjZjA4Njk0YTVlNThmMWZlZDBkNmU5NzNjZGNiYzI3NTlhZjM4NjNjOTBlMWUyNDg4ZTFmZGU3MDY5NjQxMTM2MWNiNmUxLDEsMQ%3D%3D,LinkedIn Job Alerts,2025-06-19T12:53:11.414224+00:00
See similar jobs,frontend developer,"Payments, Optimized Checkout and Link       Stripe",$0,https://www.linkedin.com/jobs/collections/similar-jobs?referenceJobId=4187676191&origin=JOB_ALERT_EMAIL&lipi=urn%3Ali%3Apage%3Aemail_email_job_alert_digest_01%3B3%2BTY%2BG4nRCOA5liNSYWUPA%3D%3D&midToken=AQEKHR1Imwpbig&midSig=02fnQFDnwL5HI1&trk=eml-email_job_alert_digest_01-job~alert-0-see~similar~jobs&trkEmail=eml-email_job_alert_digest_01-job~alert-0-see~similar~jobs-null-ktjvvs~m8e92e6p~zm-null-null&eid=ktjvvs-m8e92e6p-zm&otpToken=MTMwNzFiZTgxYjI4YzljNWIyMjYwZmViNDExYWU1YjY4N2M5ZDY0MzkwYTc4NzZhN2JjZjA4Njk0YTVlNThmMWZlZDBkNmU5NzNjZGNiYzI3NTlhZjM4NjNjOTBlMWUyNDg4ZTFmZGU3MDY5NjQxMTM2MWNiNmUxLDEsMQ%3D%3D,LinkedIn Job Alerts,2025-06-19T12:53:11.411771+00:00
See similar jobs,No Company Found,No Location Found,Salary Not Provided,https://www.linkedin.com/jobs/collections/similar-jobs?referenceJobId=4096986636&origin=JOB_ALERT_EMAIL&lipi=urn%3Ali%3Apage%3Aemail_email_job_alert_digest_01%3BPAcobefXQk%2BXxmbT9Qav4A%3D%3D&midToken=AQEKHR1Imwpbig&midSig=2Qd-C5BJ6T5rI1&trk=eml-email_job_alert_digest_01-job~alert-0-see~similar~jobs&trkEmail=eml-email_job_alert_digest_01-job~alert-0-see~similar~jobs-null-ktjvvs~m8e4s2f4~ty-null-null&eid=ktjvvs-m8e4s2f4-ty&otpToken=MTMwNzFiZTgxYjI4YzljNWIyMjYwZmViNDExYWU1YjY4N2NlZDQ0MzlkYTg4ZjYzN2JjZjA4Njk0YTVlNThmMWZlZDBkNmU5NTVjNGNmYzM1Nzg5YWFjYjRkN2UyYzBiNzhlNzI4M2E3Yjk1YmZmZDBjMjEyZGFmLDEsMQ%3D%3D,LinkedIn Job Alerts,2025-06-19T12:53:11.091102+00:00
See similar jobs,entry level software developer,"Software Engineer I, Recent Graduate       Acorns",$0,https://www.linkedin.com/jobs/collections/similar-jobs?referenceJobId=4096986636&origin=JOB_ALERT_EMAIL&lipi=urn%3Ali%3Apage%3Aemail_email_job_alert_digest_01%3BPAcobefXQk%2BXxmbT9Qav4A%3D%3D&midToken=AQEKHR1Imwpbig&midSig=2Qd-C5BJ6T5rI1&trk=eml-email_job_alert_digest_01-job~alert-0-see~similar~jobs&trkEmail=eml-email_job_alert_digest_01-job~alert-0-see~similar~jobs-null-ktjvvs~m8e4s2f4~ty-null-null&eid=ktjvvs-m8e4s2f4-ty&otpToken=MTMwNzFiZTgxYjI4YzljNWIyMjYwZmViNDExYWU1YjY4N2NlZDQ0MzlkYTg4ZjYzN2JjZjA4Njk0YTVlNThmMWZlZDBkNmU5NTVjNGNmYzM1Nzg5YWFjYjRkN2UyYzBiNzhlNzI4M2E3Yjk1YmZmZDBjMjEyZGFmLDEsMQ%3D%3D,LinkedIn Job Alerts,2025-06-19T12:53:11.087954+00:00
See similar jobs,No Company Found,No Location Found,Salary Not Provided,https://www.linkedin.com/jobs/collections/similar-jobs?referenceJobId=4187294402&origin=JOB_ALERT_EMAIL&lipi=urn%3Ali%3Apage%3Aemail_email_job_alert_digest_01%3BsLsXy5owSO%2BditxFhX84fA%3D%3D&midToken=AQEKHR1Imwpbig&midSig=1hyYLkcXw_5rI1&trk=eml-email_job_alert_digest_01-job~alert-0-see~similar~jobs&trkEmail=eml-email_job_alert_digest_01-job~alert-0-see~similar~jobs-null-ktjvvs~m8e0hr86~lf-null-null&eid=ktjvvs-m8e0hr86-lf&otpToken=MTMwNzFiZTgxYjI4YzljNWIyMjYwZmViNDExYWU1YjY4OGNkZDI0Mjk5YTY4YjZlN2JjZjA4Njk0YTVlNThmMWZlZDBkNmU5MTJjYWI4ZGE3MGE3YTM5ZmEyOTNlZTEwMjgxN2ZjMTdlMzc5NGMxOGVjZTBmOTAzLDEsMQ%3D%3D,LinkedIn Job Alerts,2025-06-19T12:53:10.702918+00:00
See similar jobs,web developer,"Baltimore, MD",$0,https://www.linkedin.com/jobs/collections/similar-jobs?referenceJobId=4187294402&origin=JOB_ALERT_EMAIL&lipi=urn%3Ali%3Apage%3Aemail_email_job_alert_digest_01%3BsLsXy5owSO%2BditxFhX84fA%3D%3D&midToken=AQEKHR1Imwpbig&midSig=1hyYLkcXw_5rI1&trk=eml-email_job_alert_digest_01-job~alert-0-see~similar~jobs&trkEmail=eml-email_job_alert_digest_01-job~alert-0-see~similar~jobs-null-ktjvvs~m8e0hr86~lf-null-null&eid=ktjvvs-m8e0hr86-lf&otpToken=MTMwNzFiZTgxYjI4YzljNWIyMjYwZmViNDExYWU1YjY4OGNkZDI0Mjk5YTY4YjZlN2JjZjA4Njk0YTVlNThmMWZlZDBkNmU5MTJjYWI4ZGE3MGE3YTM5ZmEyOTNlZTEwMjgxN2ZjMTdlMzc5NGMxOGVjZTBmOTAzLDEsMQ%3D%3D,LinkedIn Job Alerts,2025-06-19T12:53:10.699713+00:00
See similar jobs,No Company Found,No Location Found,Salary Not Provided,https://www.linkedin.com/jobs/collections/similar-jobs?referenceJobId=4150371464&origin=JOB_ALERT_EMAIL&lipi=urn%3Ali%3Apage%3Aemail_email_job_alert_digest_01%3B1xjRFpuNTO%2BRgC7WWlCVFQ%3D%3D&midToken=AQEKHR1Imwpbig&midSig=3S39ggs6Gf4bI1&trk=eml-email_job_alert_digest_01-job~alert-0-see~similar~jobs&trkEmail=eml-email_job_alert_digest_01-job~alert-0-see~similar~jobs-null-ktjvvs~m8ctmjcf~ko-null-null&eid=ktjvvs-m8ctmjcf-ko&otpToken=MTMwNzFiZTgxYjI4YzljNWIyMjYwZmViNDExYWU1YjY4ZmNmZDI0MzlkYWU4ZTY5N2JjZjA4Njk0YTVlNThmMWZlZDBkNmU5NjljOGQxYzk2MWIwZGQ5ZDdlYjZhNWJlMDkxZmY1Y2ViM2MxOWYzMWRlZTdhNWVkLDEsMQ%3D%3D,LinkedIn Job Alerts,2025-06-19T12:53:10.227798+00:00
See similar jobs,web developer,"Concord, NH",$0,https://www.linkedin.com/jobs/collections/similar-jobs?referenceJobId=4150371464&origin=JOB_ALERT_EMAIL&lipi=urn%3Ali%3Apage%3Aemail_email_job_alert_digest_01%3B1xjRFpuNTO%2BRgC7WWlCVFQ%3D%3D&midToken=AQEKHR1Imwpbig&midSig=3S39ggs6Gf4bI1&trk=eml-email_job_alert_digest_01-job~alert-0-see~similar~jobs&trkEmail=eml-email_job_alert_digest_01-job~alert-0-see~similar~jobs-null-ktjvvs~m8ctmjcf~ko-null-null&eid=ktjvvs-m8ctmjcf-ko&otpToken=MTMwNzFiZTgxYjI4YzljNWIyMjYwZmViNDExYWU1YjY4ZmNmZDI0MzlkYWU4ZTY5N2JjZjA4Njk0YTVlNThmMWZlZDBkNmU5NjljOGQxYzk2MWIwZGQ5ZDdlYjZhNWJlMDkxZmY1Y2ViM2MxOWYzMWRlZTdhNWVkLDEsMQ%3D%3D,LinkedIn Job Alerts,2025-06-19T12:53:10.224280+00:00
See similar jobs,No Company Found,No Location Found,Salary Not Provided,https://www.linkedin.com/jobs/collections/similar-jobs?referenceJobId=4184118435&origin=JOB_ALERT_EMAIL&lipi=urn%3Ali%3Apage%3Aemail_email_job_alert_digest_01%3Bg8K%2BXVT5Q7Szg13e055gQQ%3D%3D&midToken=AQEKHR1Imwpbig&midSig=2f6ilDnFGv3XI1&trk=eml-email_job_alert_digest_01-job~alert-0-see~similar~jobs&trkEmail=eml-email_job_alert_digest_01-job~alert-0-see~similar~jobs-null-ktjvvs~m8cl1w80~ou-null-null&eid=ktjvvs-m8cl1w80-ou&otpToken=MTMwNzFiZTgxYjI4YzljNWIyMjYwZmViNDExYWU1YjU4N2M4ZDg0MzlhYTg4ZDZhN2JjZjA4Njk0YTVlNThmMWZlZDBkNmU5NDFmOWVmZDUwMmYyYWVjMDA2OWNmNWEzZjVhYzhjNGMzYmFlODlkOGMyNGI3MjUwLDEsMQ%3D%3D,LinkedIn Job Alerts,2025-06-19T12:53:09.571750+00:00
See similar jobs,frontend developer,"West Maude Avenue, Sunnyvale",$0,https://www.linkedin.com/jobs/collections/similar-jobs?referenceJobId=4184118435&origin=JOB_ALERT_EMAIL&lipi=urn%3Ali%3Apage%3Aemail_email_job_alert_digest_01%3Bg8K%2BXVT5Q7Szg13e055gQQ%3D%3D&midToken=AQEKHR1Imwpbig&midSig=2f6ilDnFGv3XI1&trk=eml-email_job_alert_digest_01-job~alert-0-see~similar~jobs&trkEmail=eml-email_job_alert_digest_01-job~alert-0-see~similar~jobs-null-ktjvvs~m8cl1w80~ou-null-null&eid=ktjvvs-m8cl1w80-ou&otpToken=MTMwNzFiZTgxYjI4YzljNWIyMjYwZmViNDExYWU1YjU4N2M4ZDg0MzlhYTg4ZDZhN2JjZjA4Njk0YTVlNThmMWZlZDBkNmU5NDFmOWVmZDUwMmYyYWVjMDA2OWNmNWEzZjVhYzhjNGMzYmFlODlkOGMyNGI3MjUwLDEsMQ%3D%3D,LinkedIn Job Alerts,2025-06-19T12:53:09.569031+00:00
See similar jobs,No Company Found,No Location Found,Salary Not Provided,https://www.linkedin.com/jobs/collections/similar-jobs?referenceJobId=4161860182&origin=JOB_ALERT_EMAIL&lipi=urn%3Ali%3Apage%3Aemail_email_job_alert_digest_01%3BRBg9SEYCQG2JWDBZH8M06Q%3D%3D&midToken=AQEKHR1Imwpbig&midSig=2X4BUzx59D2XI1&trk=eml-email_job_alert_digest_01-job~alert-0-see~similar~jobs&trkEmail=eml-email_job_alert_digest_01-job~alert-0-see~similar~jobs-null-ktjvvs~m8bih0ta~nt-null-null&eid=ktjvvs-m8bih0ta-nt&otpToken=MTMwNzFiZTgxYjI4YzljNWIyMjYwZmViNDExYWU1YjU4ZGNjZDA0MzlkYTg4ZTY5N2JjZjA4Njk0YTVlNThmMWZlZDBkNmU5NzFiMmZhZDgwZjhkZTA5OGY3MmU4MWNmZWU2ZmNjNWFiM2U3OTAxNWUwNjczM2RjLDEsMQ%3D%3D,LinkedIn Job Alerts,2025-06-19T12:53:09.187029+00:00
See similar jobs,entry level software developer,"Software Engineer, Frontend",$0,https://www.linkedin.com/jobs/collections/similar-jobs?referenceJobId=4161860182&origin=JOB_ALERT_EMAIL&lipi=urn%3Ali%3Apage%3Aemail_email_job_alert_digest_01%3BRBg9SEYCQG2JWDBZH8M06Q%3D%3D&midToken=AQEKHR1Imwpbig&midSig=2X4BUzx59D2XI1&trk=eml-email_job_alert_digest_01-job~alert-0-see~similar~jobs&trkEmail=eml-email_job_alert_digest_01-job~alert-0-see~similar~jobs-null-ktjvvs~m8bih0ta~nt-null-null&eid=ktjvvs-m8bih0ta-nt&otpToken=MTMwNzFiZTgxYjI4YzljNWIyMjYwZmViNDExYWU1YjU4ZGNjZDA0MzlkYTg4ZTY5N2JjZjA4Njk0YTVlNThmMWZlZDBkNmU5NzFiMmZhZDgwZjhkZTA5OGY3MmU4MWNmZWU2ZmNjNWFiM2U3OTAxNWUwNjczM2RjLDEsMQ%3D%3D,LinkedIn Job Alerts,2025-06-19T12:53:09.184416+00:00
See similar jobs,No Company Found,No Location Found,Salary Not Provided,https://www.linkedin.com/jobs/collections/similar-jobs?referenceJobId=4138365355&origin=JOB_ALERT_EMAIL&lipi=urn%3Ali%3Apage%3Aemail_email_job_alert_digest_01%3BkAcBevHDRaaKMB0Nqihlag%3D%3D&midToken=AQEKHR1Imwpbig&midSig=0d308dLUzM2HI1&trk=eml-email_job_alert_digest_01-job~alert-0-see~similar~jobs&trkEmail=eml-email_job_alert_digest_01-job~alert-0-see~similar~jobs-null-ktjvvs~m8be6ope~7q-null-null&eid=ktjvvs-m8be6ope-7q&otpToken=MTMwNzFiZTgxYjI4YzljNWIyMjYwZmViNDExYWU1YjU4ZWNhZDk0MTliYWI4ZjZmN2JjZjA4Njk0YTVlNThmMWZlZDBkNmU5NjBjOWU1YzA0ZWE1ZWNjMWIyM2Q1YjhhMTFhYTE5YTU3OTJjZTczZTdhYmJjMWFkLDEsMQ%3D%3D,LinkedIn Job Alerts,2025-06-19T12:53:08.802901+00:00
See similar jobs,frontend developer,"Houston, TX",$0,https://www.linkedin.com/jobs/collections/similar-jobs?referenceJobId=4138365355&origin=JOB_ALERT_EMAIL&lipi=urn%3Ali%3Apage%3Aemail_email_job_alert_digest_01%3BkAcBevHDRaaKMB0Nqihlag%3D%3D&midToken=AQEKHR1Imwpbig&midSig=0d308dLUzM2HI1&trk=eml-email_job_alert_digest_01-job~alert-0-see~similar~jobs&trkEmail=eml-email_job_alert_digest_01-job~alert-0-see~similar~jobs-null-ktjvvs~m8be6ope~7q-null-null&eid=ktjvvs-m8be6ope-7q&otpToken=MTMwNzFiZTgxYjI4YzljNWIyMjYwZmViNDExYWU1YjU4ZWNhZDk0MTliYWI4ZjZmN2JjZjA4Njk0YTVlNThmMWZlZDBkNmU5NjBjOWU1YzA0ZWE1ZWNjMWIyM2Q1YjhhMTFhYTE5YTU3OTJjZTczZTdhYmJjMWFkLDEsMQ%3D%3D,LinkedIn Job Alerts,2025-06-19T12:53:08.799948+00:00
See similar jobs,No Company Found,No Location Found,Salary Not Provided,https://www.linkedin.com/jobs/collections/similar-jobs?referenceJobId=4061750692&origin=JOB_ALERT_EMAIL&lipi=urn%3Ali%3Apage%3Aemail_email_job_alert_digest_01%3BDW59HXU2SBWJpzewGYTJtQ%3D%3D&midToken=AQEKHR1Imwpbig&midSig=0hQS57ojf_2rI1&trk=eml-email_job_alert_digest_01-job~alert-0-see~similar~jobs&trkEmail=eml-email_job_alert_digest_01-job~alert-0-see~similar~jobs-null-ktjvvs~m8b5m1fq~wb-null-null&eid=ktjvvs-m8b5m1fq-wb&otpToken=MTMwNzFiZTgxYjI4YzljNWIyMjYwZmViNDExYWU1YjU4ZmNlZDQ0MzlhYWQ4OTZmN2JjZjA4Njk0YTVlNThmMWZlZDBkNmU5MTBmNGM0YzQ1YTg3Y2Y5MDE0ZjRhMTkzNWU4YjQ4NDY0NjliYWQ0NDFiYmVhNmExLDEsMQ%3D%3D,LinkedIn Job Alerts,2025-06-19T12:53:08.205037+00:00
See similar jobs,web developer,"Richmond, VA",$0,https://www.linkedin.com/jobs/collections/similar-jobs?referenceJobId=4061750692&origin=JOB_ALERT_EMAIL&lipi=urn%3Ali%3Apage%3Aemail_email_job_alert_digest_01%3BDW59HXU2SBWJpzewGYTJtQ%3D%3D&midToken=AQEKHR1Imwpbig&midSig=0hQS57ojf_2rI1&trk=eml-email_job_alert_digest_01-job~alert-0-see~similar~jobs&trkEmail=eml-email_job_alert_digest_01-job~alert-0-see~similar~jobs-null-ktjvvs~m8b5m1fq~wb-null-null&eid=ktjvvs-m8b5m1fq-wb&otpToken=MTMwNzFiZTgxYjI4YzljNWIyMjYwZmViNDExYWU1YjU4ZmNlZDQ0MzlhYWQ4OTZmN2JjZjA4Njk0YTVlNThmMWZlZDBkNmU5MTBmNGM0YzQ1YTg3Y2Y5MDE0ZjRhMTkzNWU4YjQ4NDY0NjliYWQ0NDFiYmVhNmExLDEsMQ%3D%3D,LinkedIn Job Alerts,2025-06-19T12:53:08.202511+00:00
See similar jobs,No Company Found,No Location Found,Salary Not Provided,https://www.linkedin.com/jobs/collections/similar-jobs?referenceJobId=4067840069&origin=JOB_ALERT_EMAIL&lipi=urn%3Ali%3Apage%3Aemail_email_job_alert_digest_01%3By7PeEFzqSfq3LY%2FTm%2Bn67g%3D%3D&midToken=AQEKHR1Imwpbig&midSig=3XBLyKGvdf1rI1&trk=eml-email_job_alert_digest_01-job~alert-0-see~similar~jobs&trkEmail=eml-email_job_alert_digest_01-job~alert-0-see~similar~jobs-null-ktjvvs~m89yqu06~kr-null-null&eid=ktjvvs-m89yqu06-kr&otpToken=MTMwNzFiZTgxYjI4YzljNWIyMjYwZmViNDExYWU1YjQ4ZGM2ZDQ0MzlhYTg4ZDYyN2JjZjA4Njk0YTVlNThmMWZlZDBkNmU5NmVkNWZkODg1M2E2ZWJhMzEwYzhhMzdlZDRhMGQ4NjEzMmYxODgyNWM2NDA0ZGRmLDEsMQ%3D%3D,LinkedIn Job Alerts,2025-06-19T12:53:07.256529+00:00
See similar jobs,web developer,"Frontend, Next",$0,https://www.linkedin.com/jobs/collections/similar-jobs?referenceJobId=4067840069&origin=JOB_ALERT_EMAIL&lipi=urn%3Ali%3Apage%3Aemail_email_job_alert_digest_01%3By7PeEFzqSfq3LY%2FTm%2Bn67g%3D%3D&midToken=AQEKHR1Imwpbig&midSig=3XBLyKGvdf1rI1&trk=eml-email_job_alert_digest_01-job~alert-0-see~similar~jobs&trkEmail=eml-email_job_alert_digest_01-job~alert-0-see~similar~jobs-null-ktjvvs~m89yqu06~kr-null-null&eid=ktjvvs-m89yqu06-kr&otpToken=MTMwNzFiZTgxYjI4YzljNWIyMjYwZmViNDExYWU1YjQ4ZGM2ZDQ0MzlhYTg4ZDYyN2JjZjA4Njk0YTVlNThmMWZlZDBkNmU5NmVkNWZkODg1M2E2ZWJhMzEwYzhhMzdlZDRhMGQ4NjEzMmYxODgyNWM2NDA0ZGRmLDEsMQ%3D%3D,LinkedIn Job Alerts,2025-06-19T12:53:07.253915+00:00
See similar jobs,No Company Found,No Location Found,Salary Not Provided,https://www.linkedin.com/jobs/collections/similar-jobs?referenceJobId=4182568356&origin=JOB_ALERT_EMAIL&lipi=urn%3Ali%3Apage%3Aemail_email_job_alert_digest_01%3BTcfOt7c%2BRSCRQz6jQWZQSQ%3D%3D&midToken=AQEKHR1Imwpbig&midSig=3qOpu50FDn1bI1&trk=eml-email_job_alert_digest_01-job~alert-0-see~similar~jobs&trkEmail=eml-email_job_alert_digest_01-job~alert-0-see~similar~jobs-null-ktjvvs~m89ugiv6~gu-null-null&eid=ktjvvs-m89ugiv6-gu&otpToken=MTMwNzFiZTgxYjI4YzljNWIyMjYwZmViNDExYWU1YjQ4ZGNmZDI0MzljYWU4YjZjN2JjZjA4Njk0YTVlNThmMWZlZDBkNmU5NTBkOGVkZjk1MDhlYTJjNzgyNmNmOWY4NDVkN2U1MDFhM2U3MzJmOGI1NDkwNmYwLDEsMQ%3D%3D,LinkedIn Job Alerts,2025-06-19T12:53:06.980691+00:00
See similar jobs,entry level software developer,"Murfreesboro, TN",$0,https://www.linkedin.com/jobs/collections/similar-jobs?referenceJobId=4182568356&origin=JOB_ALERT_EMAIL&lipi=urn%3Ali%3Apage%3Aemail_email_job_alert_digest_01%3BTcfOt7c%2BRSCRQz6jQWZQSQ%3D%3D&midToken=AQEKHR1Imwpbig&midSig=3qOpu50FDn1bI1&trk=eml-email_job_alert_digest_01-job~alert-0-see~similar~jobs&trkEmail=eml-email_job_alert_digest_01-job~alert-0-see~similar~jobs-null-ktjvvs~m89ugiv6~gu-null-null&eid=ktjvvs-m89ugiv6-gu&otpToken=MTMwNzFiZTgxYjI4YzljNWIyMjYwZmViNDExYWU1YjQ4ZGNmZDI0MzljYWU4YjZjN2JjZjA4Njk0YTVlNThmMWZlZDBkNmU5NTBkOGVkZjk1MDhlYTJjNzgyNmNmOWY4NDVkN2U1MDFhM2U3MzJmOGI1NDkwNmYwLDEsMQ%3D%3D,LinkedIn Job Alerts,2025-06-19T12:53:06.976854+00:00
See similar jobs,No Company Found,No Location Found,Salary Not Provided,https://www.linkedin.com/jobs/collections/similar-jobs?referenceJobId=4134217908&origin=JOB_ALERT_EMAIL&lipi=urn%3Ali%3Apage%3Aemail_email_job_alert_digest_01%3B8T1PNyDSSI2Cf0Iu7yiIiA%3D%3D&midToken=AQEKHR1Imwpbig&midSig=2wp1OJg5Zv1bI1&trk=eml-email_job_alert_digest_01-job~alert-0-see~similar~jobs&trkEmail=eml-email_job_alert_digest_01-job~alert-0-see~similar~jobs-null-ktjvvs~m89q66vf~7x-null-null&eid=ktjvvs-m89q66vf-7x&otpToken=MTMwNzFiZTgxYjI4YzljNWIyMjYwZmViNDExYWU1YjQ4ZWNhZDA0MzlhYTc4YjYzN2JjZjA4Njk0YTVlNThmMWZlZDBkNmU5NzJjNWQzYzg0MGEzZmI4YjY0MWY1ZmMwYzBiNjZiNzdhNjYxMTk5NGM5NTBhODMwLDEsMQ%3D%3D,LinkedIn Job Alerts,2025-06-19T12:53:06.684367+00:00
See similar jobs,frontend developer,"Atlanta, GA",$0,https://www.linkedin.com/jobs/collections/similar-jobs?referenceJobId=4134217908&origin=JOB_ALERT_EMAIL&lipi=urn%3Ali%3Apage%3Aemail_email_job_alert_digest_01%3B8T1PNyDSSI2Cf0Iu7yiIiA%3D%3D&midToken=AQEKHR1Imwpbig&midSig=2wp1OJg5Zv1bI1&trk=eml-email_job_alert_digest_01-job~alert-0-see~similar~jobs&trkEmail=eml-email_job_alert_digest_01-job~alert-0-see~similar~jobs-null-ktjvvs~m89q66vf~7x-null-null&eid=ktjvvs-m89q66vf-7x&otpToken=MTMwNzFiZTgxYjI4YzljNWIyMjYwZmViNDExYWU1YjQ4ZWNhZDA0MzlhYTc4YjYzN2JjZjA4Njk0YTVlNThmMWZlZDBkNmU5NzJjNWQzYzg0MGEzZmI4YjY0MWY1ZmMwYzBiNjZiNzdhNjYxMTk5NGM5NTBhODMwLDEsMQ%3D%3D,LinkedIn Job Alerts,2025-06-19T12:53:06.681354+00:00
See similar jobs,No Company Found,No Location Found,Salary Not Provided,https://www.linkedin.com/jobs/collections/similar-jobs?referenceJobId=4181833300&origin=JOB_ALERT_EMAIL&lipi=urn%3Ali%3Apage%3Aemail_email_job_alert_digest_01%3BCKYMKO%2F2SxyJcAXtavcA9A%3D%3D&midToken=AQEKHR1Imwpbig&midSig=1DGb0wBPQD0bI1&trk=eml-email_job_alert_digest_01-job~alert-0-see~similar~jobs&trkEmail=eml-email_job_alert_digest_01-job~alert-0-see~similar~jobs-null-ktjvvs~m88nlayq~dr-null-null&eid=ktjvvs-m88nlayq-dr&otpToken=MTMwNzFiZTgxYjI4YzljNWIyMjYwZmViNDExYWU2YmQ4YmM3ZDI0MjkwYTk4ZjZmN2JjZjA4Njk0YTVlNThmMWZlZDBkNmU5MWFlOGJhZjM1YmZkZWE5MThjNGNlMmQzOGU4NjA5ZWFjOTYxZGQwMDI3YTRmN2QwLDEsMQ%3D%3D,LinkedIn Job Alerts,2025-06-19T12:53:06.330620+00:00
See similar jobs,entry level software developer,"Atlanta, GA",$0,https://www.linkedin.com/jobs/collections/similar-jobs?referenceJobId=4181833300&origin=JOB_ALERT_EMAIL&lipi=urn%3Ali%3Apage%3Aemail_email_job_alert_digest_01%3BCKYMKO%2F2SxyJcAXtavcA9A%3D%3D&midToken=AQEKHR1Imwpbig&midSig=1DGb0wBPQD0bI1&trk=eml-email_job_alert_digest_01-job~alert-0-see~similar~jobs&trkEmail=eml-email_job_alert_digest_01-job~alert-0-see~similar~jobs-null-ktjvvs~m88nlayq~dr-null-null&eid=ktjvvs-m88nlayq-dr&otpToken=MTMwNzFiZTgxYjI4YzljNWIyMjYwZmViNDExYWU2YmQ4YmM3ZDI0MjkwYTk4ZjZmN2JjZjA4Njk0YTVlNThmMWZlZDBkNmU5MWFlOGJhZjM1YmZkZWE5MThjNGNlMmQzOGU4NjA5ZWFjOTYxZGQwMDI3YTRmN2QwLDEsMQ%3D%3D,LinkedIn Job Alerts,2025-06-19T12:53:06.326840+00:00
See similar jobs,No Company Found,No Location Found,Salary Not Provided,https://www.linkedin.com/jobs/collections/similar-jobs?referenceJobId=4181842225&origin=JOB_ALERT_EMAIL&lipi=urn%3Ali%3Apage%3Aemail_email_job_alert_digest_01%3B63mVHmKCQeOKAbBWW4AGmQ%3D%3D&midToken=AQEKHR1Imwpbig&midSig=2Q9rN4-BC__HE1&trk=eml-email_job_alert_digest_01-job~alert-0-see~similar~jobs&trkEmail=eml-email_job_alert_digest_01-job~alert-0-see~similar~jobs-null-ktjvvs~m88aqcda~6a-null-null&eid=ktjvvs-m88aqcda-6a&otpToken=MTMwNzFiZTgxYjI4YzljNWIyMjYwZmViNDExYWU2YmQ4ZGM5ZDY0MjliYTc4OTYyN2JjZjA4Njk0YTVlNThmMWZlZDBkNmU5MTdlNGU0Zjc2MWZkZmJjNDExM2E0MTJlZTM4ZGZlMGE4NjQ3ZjAyZTFiMTdmM2Y3LDEsMQ%3D%3D,LinkedIn Job Alerts,2025-06-19T12:53:05.338437+00:00
See similar jobs,freelance,"Knoxville, TN",$0,https://www.linkedin.com/jobs/collections/similar-jobs?referenceJobId=4181842225&origin=JOB_ALERT_EMAIL&lipi=urn%3Ali%3Apage%3Aemail_email_job_alert_digest_01%3B63mVHmKCQeOKAbBWW4AGmQ%3D%3D&midToken=AQEKHR1Imwpbig&midSig=2Q9rN4-BC__HE1&trk=eml-email_job_alert_digest_01-job~alert-0-see~similar~jobs&trkEmail=eml-email_job_alert_digest_01-job~alert-0-see~similar~jobs-null-ktjvvs~m88aqcda~6a-null-null&eid=ktjvvs-m88aqcda-6a&otpToken=MTMwNzFiZTgxYjI4YzljNWIyMjYwZmViNDExYWU2YmQ4ZGM5ZDY0MjliYTc4OTYyN2JjZjA4Njk0YTVlNThmMWZlZDBkNmU5MTdlNGU0Zjc2MWZkZmJjNDExM2E0MTJlZTM4ZGZlMGE4NjQ3ZjAyZTFiMTdmM2Y3LDEsMQ%3D%3D,LinkedIn Job Alerts,2025-06-19T12:53:05.336090+00:00
See similar jobs,No Company Found,No Location Found,Salary Not Provided,https://www.linkedin.com/jobs/collections/similar-jobs?referenceJobId=4180581162&origin=JOB_ALERT_EMAIL&lipi=urn%3Ali%3Apage%3Aemail_email_job_alert_digest_01%3BYsP2nDp6RKmtUd%2FRGYIKTA%3D%3D&midToken=AQEKHR1Imwpbig&midSig=30LqviWSq7-HE1&trk=eml-email_job_alert_digest_01-job~alert-0-see~similar~jobs&trkEmail=eml-email_job_alert_digest_01-job~alert-0-see~similar~jobs-null-ktjvvs~m8785gf7~1j-null-null&eid=ktjvvs-m8785gf7-1j&otpToken=MTMwNzFiZTgxYjI4YzljNWIyMjYwZmViNDExYWU2YmM4OWNjZDg0MzllYTc4YTZkN2JjZjA4Njk0YTVlNThmMWZlZDBkNmU5NzVkMGVmZTI3MWI4ZWQ5ZjYwZGRkMGNiNTE5NTRmZTRkZjQ4ZWI4ZmI5Mzg4MzkwLDEsMQ%3D%3D,LinkedIn Job Alerts,2025-06-19T12:53:04.975201+00:00
See similar jobs,freelance,"Knoxville, TN",$0,https://www.linkedin.com/jobs/collections/similar-jobs?referenceJobId=4180581162&origin=JOB_ALERT_EMAIL&lipi=urn%3Ali%3Apage%3Aemail_email_job_alert_digest_01%3BYsP2nDp6RKmtUd%2FRGYIKTA%3D%3D&midToken=AQEKHR1Imwpbig&midSig=30LqviWSq7-HE1&trk=eml-email_job_alert_digest_01-job~alert-0-see~similar~jobs&trkEmail=eml-email_job_alert_digest_01-job~alert-0-see~similar~jobs-null-ktjvvs~m8785gf7~1j-null-null&eid=ktjvvs-m8785gf7-1j&otpToken=MTMwNzFiZTgxYjI4YzljNWIyMjYwZmViNDExYWU2YmM4OWNjZDg0MzllYTc4YTZkN2JjZjA4Njk0YTVlNThmMWZlZDBkNmU5NzVkMGVmZTI3MWI4ZWQ5ZjYwZGRkMGNiNTE5NTRmZTRkZjQ4ZWI4ZmI5Mzg4MzkwLDEsMQ%3D%3D,LinkedIn Job Alerts,2025-06-19T12:53:04.972442+00:00
See similar jobs,No Company Found,No Location Found,Salary Not Provided,https://www.linkedin.com/jobs/collections/similar-jobs?referenceJobId=4180596352&origin=JOB_ALERT_EMAIL&lipi=urn%3Ali%3Apage%3Aemail_email_job_alert_digest_01%3BKhaDxhl3TNKscllU1vJjYQ%3D%3D&midToken=AQEKHR1Imwpbig&midSig=3oE3FKW-Ev-rE1&trk=eml-email_job_alert_digest_01-job~alert-0-see~similar~jobs&trkEmail=eml-email_job_alert_digest_01-job~alert-0-see~similar~jobs-null-ktjvvs~m86vahmq~vb-null-null&eid=ktjvvs-m86vahmq-vb&otpToken=MTMwNzFiZTgxYjI4YzljNWIyMjYwZmViNDExYWU2YmM4YmNmZDI0MzlhYTg4ZDZmN2JjZjA4Njk0YTVlNThmMWZlZDBkNmU5NmFiMWU0ZWI2NmY5ZTM5MTczOTViNjkyODExNTU2ZTkzNjhiZDNiMjA5NDNhM2RlLDEsMQ%3D%3D,LinkedIn Job Alerts,2025-06-19T12:53:04.017089+00:00
See similar jobs,frontend developer,"Irvine, CA",$0,https://www.linkedin.com/jobs/collections/similar-jobs?referenceJobId=4180596352&origin=JOB_ALERT_EMAIL&lipi=urn%3Ali%3Apage%3Aemail_email_job_alert_digest_01%3BKhaDxhl3TNKscllU1vJjYQ%3D%3D&midToken=AQEKHR1Imwpbig&midSig=3oE3FKW-Ev-rE1&trk=eml-email_job_alert_digest_01-job~alert-0-see~similar~jobs&trkEmail=eml-email_job_alert_digest_01-job~alert-0-see~similar~jobs-null-ktjvvs~m86vahmq~vb-null-null&eid=ktjvvs-m86vahmq-vb&otpToken=MTMwNzFiZTgxYjI4YzljNWIyMjYwZmViNDExYWU2YmM4YmNmZDI0MzlhYTg4ZDZmN2JjZjA4Njk0YTVlNThmMWZlZDBkNmU5NmFiMWU0ZWI2NmY5ZTM5MTczOTViNjkyODExNTU2ZTkzNjhiZDNiMjA5NDNhM2RlLDEsMQ%3D%3D,LinkedIn Job Alerts,2025-06-19T12:53:04.013445+00:00
See similar jobs,No Company Found,No Location Found,Salary Not Provided,https://www.linkedin.com/jobs/collections/similar-jobs?referenceJobId=4179838854&origin=JOB_ALERT_EMAIL&lipi=urn%3Ali%3Apage%3Aemail_email_job_alert_digest_01%3B4QZdfxfeROaA0B%2BEAjQxzA%3D%3D&midToken=AQEKHR1Imwpbig&midSig=0KR23soUvDZbE1&trk=eml-email_job_alert_digest_01-job~alert-0-see~similar~jobs&trkEmail=eml-email_job_alert_digest_01-job~alert-0-see~similar~jobs-null-ktjvvs~m85spln6~fd-null-null&eid=ktjvvs-m85spln6-fd&otpToken=MTMwNzFiZTgxYjI4YzljNWIyMjYwZmViNDExYWU2YjM4OGM4ZDQ0MjliYWY4OTZjN2JjZjA4Njk0YTVlNThmMWZlZDBkNmU5NzdkOGIwODU0Yzg0ZjI5OTJmODFhY2VkYTk1MTY5OWU2NzY1NDU5NmE5Mjk1MGVlLDEsMQ%3D%3D,LinkedIn Job Alerts,2025-06-19T12:53:03.641948+00:00
See similar jobs,freelance,"Knoxville, TN",$0,https://www.linkedin.com/jobs/collections/similar-jobs?referenceJobId=4179838854&origin=JOB_ALERT_EMAIL&lipi=urn%3Ali%3Apage%3Aemail_email_job_alert_digest_01%3B4QZdfxfeROaA0B%2BEAjQxzA%3D%3D&midToken=AQEKHR1Imwpbig&midSig=0KR23soUvDZbE1&trk=eml-email_job_alert_digest_01-job~alert-0-see~similar~jobs&trkEmail=eml-email_job_alert_digest_01-job~alert-0-see~similar~jobs-null-ktjvvs~m85spln6~fd-null-null&eid=ktjvvs-m85spln6-fd&otpToken=MTMwNzFiZTgxYjI4YzljNWIyMjYwZmViNDExYWU2YjM4OGM4ZDQ0MjliYWY4OTZjN2JjZjA4Njk0YTVlNThmMWZlZDBkNmU5NzdkOGIwODU0Yzg0ZjI5OTJmODFhY2VkYTk1MTY5OWU2NzY1NDU5NmE5Mjk1MGVlLDEsMQ%3D%3D,LinkedIn Job Alerts,2025-06-19T12:53:03.639077+00:00
See similar jobs,No Company Found,No Location Found,Salary Not Provided,https://www.linkedin.com/jobs/collections/similar-jobs?referenceJobId=4149741161&origin=JOB_ALERT_EMAIL&lipi=urn%3Ali%3Apage%3Aemail_email_job_alert_digest_01%3BuTyEcLkKTLuVCo13DIX13Q%3D%3D&midToken=AQEKHR1Imwpbig&midSig=2xWB1wPxdLZbE1&trk=eml-email_job_alert_digest_01-job~alert-0-see~similar~jobs&trkEmail=eml-email_job_alert_digest_01-job~alert-0-see~similar~jobs-null-ktjvvs~m85ofb29~sy-null-null&eid=ktjvvs-m85ofb29-sy&otpToken=MTMwNzFiZTgxYjI4YzljNWIyMjYwZmViNDExYWU2YjM4OWM3ZDI0Nzk4YTc4YzZlN2JjZjA4Njk0YTVlNThmMWZlZDBkNmU5NzVmMGU1Yzk1NDhjYzI5ZmM0NTRjNGY2ZjJlZTAzNGMwMDRjNGQyOGI2YjdjMThkLDEsMQ%3D%3D,LinkedIn Job Alerts,2025-06-19T12:53:03.361859+00:00
See similar jobs,entry level software developer,"Software Engineer       InvoiceCloud, Inc",$0,https://www.linkedin.com/jobs/collections/similar-jobs?referenceJobId=4149741161&origin=JOB_ALERT_EMAIL&lipi=urn%3Ali%3Apage%3Aemail_email_job_alert_digest_01%3BuTyEcLkKTLuVCo13DIX13Q%3D%3D&midToken=AQEKHR1Imwpbig&midSig=2xWB1wPxdLZbE1&trk=eml-email_job_alert_digest_01-job~alert-0-see~similar~jobs&trkEmail=eml-email_job_alert_digest_01-job~alert-0-see~similar~jobs-null-ktjvvs~m85ofb29~sy-null-null&eid=ktjvvs-m85ofb29-sy&otpToken=MTMwNzFiZTgxYjI4YzljNWIyMjYwZmViNDExYWU2YjM4OWM3ZDI0Nzk4YTc4YzZlN2JjZjA4Njk0YTVlNThmMWZlZDBkNmU5NzVmMGU1Yzk1NDhjYzI5ZmM0NTRjNGY2ZjJlZTAzNGMwMDRjNGQyOGI2YjdjMThkLDEsMQ%3D%3D,LinkedIn Job Alerts,2025-06-19T12:53:03.359283+00:00
See similar jobs,No Company Found,No Location Found,Salary Not Provided,https://www.linkedin.com/jobs/collections/similar-jobs?referenceJobId=4182366442&origin=JOB_ALERT_EMAIL&lipi=urn%3Ali%3Apage%3Aemail_email_job_alert_digest_01%3BFG1ClE1jS%2BObg6dkvGuBNw%3D%3D&midToken=AQEKHR1Imwpbig&midSig=2sZ4Nx8FJ_YXE1&trk=eml-email_job_alert_digest_01-job~alert-0-see~similar~jobs&trkEmail=eml-email_job_alert_digest_01-job~alert-0-see~similar~jobs-null-ktjvvs~m85funhm~un-null-null&eid=ktjvvs-m85funhm-un&otpToken=MTMwNzFiZTgxYjI4YzljNWIyMjYwZmViNDExYWU2YjM4YWNhZDg0MzljYWU4YzZhN2JjZjA4Njk0YTVlNThmMWZlZDBkNmU5NzNkMWMzZTg3Nzk4Y2NjNDY0OTFlNjg4ZWNkZjlhODUzNjU4M2FjMDA5YzE2NGY2LDEsMQ%3D%3D,LinkedIn Job Alerts,2025-06-19T12:53:02.691424+00:00
See similar jobs,frontend developer,"Software Engineer Intern, Connect       Posit PBC",$0,https://www.linkedin.com/jobs/collections/similar-jobs?referenceJobId=4182366442&origin=JOB_ALERT_EMAIL&lipi=urn%3Ali%3Apage%3Aemail_email_job_alert_digest_01%3BFG1ClE1jS%2BObg6dkvGuBNw%3D%3D&midToken=AQEKHR1Imwpbig&midSig=2sZ4Nx8FJ_YXE1&trk=eml-email_job_alert_digest_01-job~alert-0-see~similar~jobs&trkEmail=eml-email_job_alert_digest_01-job~alert-0-see~similar~jobs-null-ktjvvs~m85funhm~un-null-null&eid=ktjvvs-m85funhm-un&otpToken=MTMwNzFiZTgxYjI4YzljNWIyMjYwZmViNDExYWU2YjM4YWNhZDg0MzljYWU4YzZhN2JjZjA4Njk0YTVlNThmMWZlZDBkNmU5NzNkMWMzZTg3Nzk4Y2NjNDY0OTFlNjg4ZWNkZjlhODUzNjU4M2FjMDA5YzE2NGY2LDEsMQ%3D%3D,LinkedIn Job Alerts,2025-06-19T12:53:02.688671+00:00
See similar jobs,No Company Found,No Location Found,Salary Not Provided,https://www.linkedin.com/jobs/collections/similar-jobs?referenceJobId=4179452989&origin=JOB_ALERT_EMAIL&lipi=urn%3Ali%3Apage%3Aemail_email_job_alert_digest_01%3Bj6OmaAwvQ2698ZG%2FSu%2BQtQ%3D%3D&midToken=AQEKHR1Imwpbig&midSig=2UjTe7UTzfXHE1&trk=eml-email_job_alert_digest_01-job~alert-0-see~similar~jobs&trkEmail=eml-email_job_alert_digest_01-job~alert-0-see~similar~jobs-null-ktjvvs~m848zg4g~gd-null-null&eid=ktjvvs-m848zg4g-gd&otpToken=MTMwNzFiZTgxYjI4YzljNWIyMjYwZmViNDExYWU2YjI4N2NjZDg0MzkxYWU4YzZhN2JjZjA4Njk0YTVlNThmMWZlZDBkNmU5NTJlZmNlZGYwMGJmYzI4MWU0NGZlMWUyMDljNWRjYTUxZDZjMGRmNWIwZGQwMTZiLDEsMQ%3D%3D,LinkedIn Job Alerts,2025-06-19T12:53:02.206993+00:00
See similar jobs,web developer,"Knoxville, TN",$0,https://www.linkedin.com/jobs/collections/similar-jobs?referenceJobId=4179452989&origin=JOB_ALERT_EMAIL&lipi=urn%3Ali%3Apage%3Aemail_email_job_alert_digest_01%3Bj6OmaAwvQ2698ZG%2FSu%2BQtQ%3D%3D&midToken=AQEKHR1Imwpbig&midSig=2UjTe7UTzfXHE1&trk=eml-email_job_alert_digest_01-job~alert-0-see~similar~jobs&trkEmail=eml-email_job_alert_digest_01-job~alert-0-see~similar~jobs-null-ktjvvs~m848zg4g~gd-null-null&eid=ktjvvs-m848zg4g-gd&otpToken=MTMwNzFiZTgxYjI4YzljNWIyMjYwZmViNDExYWU2YjI4N2NjZDg0MzkxYWU4YzZhN2JjZjA4Njk0YTVlNThmMWZlZDBkNmU5NTJlZmNlZGYwMGJmYzI4MWU0NGZlMWUyMDljNWRjYTUxZDZjMGRmNWIwZGQwMTZiLDEsMQ%3D%3D,LinkedIn Job Alerts,2025-06-19T12:53:02.204580+00:00
See similar jobs,No Company Found,No Location Found,Salary Not Provided,https://www.linkedin.com/jobs/collections/similar-jobs?referenceJobId=4181040761&origin=JOB_ALERT_EMAIL&lipi=urn%3Ali%3Apage%3Aemail_email_job_alert_digest_01%3BOrQCiBDuQfSZljxmRRExeg%3D%3D&midToken=AQEKHR1Imwpbig&midSig=3q2Rem_BXvXrE1&trk=eml-email_job_alert_digest_01-job~alert-0-see~similar~jobs&trkEmail=eml-email_job_alert_digest_01-job~alert-0-see~similar~jobs-null-ktjvvs~m840esz9~4v-null-null&eid=ktjvvs-m840esz9-4v&otpToken=MTMwNzFiZTgxYjI4YzljNWIyMjYwZmViNDExYWU2YjI4OWM2ZDQ0MzlkYWQ4OTY5N2JjZjA4Njk0YTVlNThmMWZlZDBkNmU5NWJjMWU1ODI1ZGIyY2Y5NTJiNjY0Mjg4NjE2ODA5NDJjYmIxOTYwMTI3YTQ0MzJhLDEsMQ%3D%3D,LinkedIn Job Alerts,2025-06-19T12:53:01.695323+00:00
See similar jobs,web developer,"Senior Web Developer       ARK Solutions, Inc",$0,https://www.linkedin.com/jobs/collections/similar-jobs?referenceJobId=4181040761&origin=JOB_ALERT_EMAIL&lipi=urn%3Ali%3Apage%3Aemail_email_job_alert_digest_01%3BOrQCiBDuQfSZljxmRRExeg%3D%3D&midToken=AQEKHR1Imwpbig&midSig=3q2Rem_BXvXrE1&trk=eml-email_job_alert_digest_01-job~alert-0-see~similar~jobs&trkEmail=eml-email_job_alert_digest_01-job~alert-0-see~similar~jobs-null-ktjvvs~m840esz9~4v-null-null&eid=ktjvvs-m840esz9-4v&otpToken=MTMwNzFiZTgxYjI4YzljNWIyMjYwZmViNDExYWU2YjI4OWM2ZDQ0MzlkYWQ4OTY5N2JjZjA4Njk0YTVlNThmMWZlZDBkNmU5NWJjMWU1ODI1ZGIyY2Y5NTJiNjY0Mjg4NjE2ODA5NDJjYmIxOTYwMTI3YTQ0MzJhLDEsMQ%3D%3D,LinkedIn Job Alerts,2025-06-19T12:53:01.692370+00:00
See similar jobs,No Company Found,No Location Found,Salary Not Provided,https://www.linkedin.com/jobs/collections/similar-jobs?referenceJobId=4179013618&origin=JOB_ALERT_EMAIL&lipi=urn%3Ali%3Apage%3Aemail_email_job_alert_digest_01%3BpV3CDxmdQPSrRz9gNJEk9Q%3D%3D&midToken=AQEKHR1Imwpbig&midSig=1k9bY1ZNSTWbE1&trk=eml-email_job_alert_digest_01-job~alert-0-see~similar~jobs&trkEmail=eml-email_job_alert_digest_01-job~alert-0-see~similar~jobs-null-ktjvvs~m82p9974~vt-null-null&eid=ktjvvs-m82p9974-vt&otpToken=MTMwNzFiZTgxYjI4YzljNWIyMjYwZmViNDExYWU2YjE4N2M3ZDI0MzlmYTY4NjZjN2JjZjA4Njk0YTVlNThmMWZlZDBkNmU5NDFmN2VjODk0MjliYWNhMjhmODUwNmZkNTJmMDE5M2I4OGI3ZjIzYTdmMjU0ZTJlLDEsMQ%3D%3D,LinkedIn Job Alerts,2025-06-19T12:53:01.344279+00:00
See similar jobs,entry level software developer,"Tennessee, United States",$0,https://www.linkedin.com/jobs/collections/similar-jobs?referenceJobId=4179013618&origin=JOB_ALERT_EMAIL&lipi=urn%3Ali%3Apage%3Aemail_email_job_alert_digest_01%3BpV3CDxmdQPSrRz9gNJEk9Q%3D%3D&midToken=AQEKHR1Imwpbig&midSig=1k9bY1ZNSTWbE1&trk=eml-email_job_alert_digest_01-job~alert-0-see~similar~jobs&trkEmail=eml-email_job_alert_digest_01-job~alert-0-see~similar~jobs-null-ktjvvs~m82p9974~vt-null-null&eid=ktjvvs-m82p9974-vt&otpToken=MTMwNzFiZTgxYjI4YzljNWIyMjYwZmViNDExYWU2YjE4N2M3ZDI0MzlmYTY4NjZjN2JjZjA4Njk0YTVlNThmMWZlZDBkNmU5NDFmN2VjODk0MjliYWNhMjhmODUwNmZkNTJmMDE5M2I4OGI3ZjIzYTdmMjU0ZTJlLDEsMQ%3D%3D,LinkedIn Job Alerts,2025-06-19T12:53:01.340971+00:00
See similar jobs,No Company Found,No Location Found,Salary Not Provided,https://www.linkedin.com/jobs/collections/similar-jobs?referenceJobId=4151154218&origin=JOB_ALERT_EMAIL&lipi=urn%3Ali%3Apage%3Aemail_email_job_alert_digest_01%3BxKKvrcOxTmmAmBOd6MPQiQ%3D%3D&midToken=AQEKHR1Imwpbig&midSig=19MK8_vZI7VbE1&trk=eml-email_job_alert_digest_01-job~alert-0-see~similar~jobs&trkEmail=eml-email_job_alert_digest_01-job~alert-0-see~similar~jobs-null-ktjvvs~m81ie215~7m-null-null&eid=ktjvvs-m81ie215-7m&otpToken=MTMwNzFiZTgxYjI4YzljNWIyMjYwZmViNDExYWU2YjE4ZWM5ZDI0MzlkYWM4ZTZkN2JjZjA4Njk0YTVlNThmMWZlZDBkNmU5NTdkNmZjYzQwM2IwYTg5NDllNjJiNTkzNDBlZjk1YWVlMTAzODBiZjY2ZTBiNTNhLDEsMQ%3D%3D,LinkedIn Job Alerts,2025-06-19T12:53:00.773170+00:00
See similar jobs,web developer,"Lombard, IL",$0,https://www.linkedin.com/jobs/collections/similar-jobs?referenceJobId=4151154218&origin=JOB_ALERT_EMAIL&lipi=urn%3Ali%3Apage%3Aemail_email_job_alert_digest_01%3BxKKvrcOxTmmAmBOd6MPQiQ%3D%3D&midToken=AQEKHR1Imwpbig&midSig=19MK8_vZI7VbE1&trk=eml-email_job_alert_digest_01-job~alert-0-see~similar~jobs&trkEmail=eml-email_job_alert_digest_01-job~alert-0-see~similar~jobs-null-ktjvvs~m81ie215~7m-null-null&eid=ktjvvs-m81ie215-7m&otpToken=MTMwNzFiZTgxYjI4YzljNWIyMjYwZmViNDExYWU2YjE4ZWM5ZDI0MzlkYWM4ZTZkN2JjZjA4Njk0YTVlNThmMWZlZDBkNmU5NTdkNmZjYzQwM2IwYTg5NDllNjJiNTkzNDBlZjk1YWVlMTAzODBiZjY2ZTBiNTNhLDEsMQ%3D%3D,LinkedIn Job Alerts,2025-06-19T12:53:00.769982+00:00
See similar jobs,No Company Found,No Location Found,Salary Not Provided,https://www.linkedin.com/jobs/collections/similar-jobs?referenceJobId=4128691196&origin=JOB_ALERT_EMAIL&lipi=urn%3Ali%3Apage%3Aemail_email_job_alert_digest_01%3BycP2%2BIzWTSWEmvq4zrY%2FfQ%3D%3D&midToken=AQEKHR1Imwpbig&midSig=3GOZlpvdgnUXE1&trk=eml-email_job_alert_digest_01-job~alert-0-see~similar~jobs&trkEmail=eml-email_job_alert_digest_01-job~alert-0-see~similar~jobs-null-ktjvvs~m819tehb~rh-null-null&eid=ktjvvs-m819tehb-rh&otpToken=MTMwNzFiZTgxYjI4YzljNWIyMjYwZmViNDExYWU2YjE4ZmNjZDg0MzlhYTY4OTZmN2JjZjA4Njk0YTVlNThmMWZlZDBkNmU5MWJlNGMxZjU1YmFjYTliYmUyNmEzMzcwMGQ3NjBjNWFmODQzZTAxODA5N2Y0YTk0LDEsMQ%3D%3D,LinkedIn Job Alerts,2025-06-19T12:53:00.153384+00:00
See similar jobs,entry level software developer,"Knoxville, TN",$0,https://www.linkedin.com/jobs/collections/similar-jobs?referenceJobId=4128691196&origin=JOB_ALERT_EMAIL&lipi=urn%3Ali%3Apage%3Aemail_email_job_alert_digest_01%3BycP2%2BIzWTSWEmvq4zrY%2FfQ%3D%3D&midToken=AQEKHR1Imwpbig&midSig=3GOZlpvdgnUXE1&trk=eml-email_job_alert_digest_01-job~alert-0-see~similar~jobs&trkEmail=eml-email_job_alert_digest_01-job~alert-0-see~similar~jobs-null-ktjvvs~m819tehb~rh-null-null&eid=ktjvvs-m819tehb-rh&otpToken=MTMwNzFiZTgxYjI4YzljNWIyMjYwZmViNDExYWU2YjE4ZmNjZDg0MzlhYTY4OTZmN2JjZjA4Njk0YTVlNThmMWZlZDBkNmU5MWJlNGMxZjU1YmFjYTliYmUyNmEzMzcwMGQ3NjBjNWFmODQzZTAxODA5N2Y0YTk0LDEsMQ%3D%3D,LinkedIn Job Alerts,2025-06-19T12:53:00.149193+00:00
See similar jobs,No Company Found,No Location Found,Salary Not Provided,https://www.linkedin.com/jobs/collections/similar-jobs?referenceJobId=4122511664&origin=JOB_ALERT_EMAIL&lipi=urn%3Ali%3Apage%3Aemail_email_job_alert_digest_01%3B8TaPeY1bRI2egsxYMlGDmw%3D%3D&midToken=AQEKHR1Imwpbig&midSig=3FTgMPYpGvUHE1&trk=eml-email_job_alert_digest_01-job~alert-0-see~similar~jobs&trkEmail=eml-email_job_alert_digest_01-job~alert-0-see~similar~jobs-null-ktjvvs~m815j37k~te-null-null&eid=ktjvvs-m815j37k-te&otpToken=MTMwNzFiZTgxYjI4YzljNWIyMjYwZmViNDExYWU2YjA4NmNiZDY0Mjk5YTg4ZTZiN2JjZjA4Njk0YTVlNThmMWZlZDBkNmU5NjBmNGNjZjgwMmFmZThiNzEwYzg2Mzg0ZGM2ZjZkYzc2MmY0ZWEzODk1ZjA4YzAyLDEsMQ%3D%3D,LinkedIn Job Alerts,2025-06-19T12:52:59.684899+00:00
See similar jobs,frontend developer,"Itasca, IL",$0,https://www.linkedin.com/jobs/collections/similar-jobs?referenceJobId=4122511664&origin=JOB_ALERT_EMAIL&lipi=urn%3Ali%3Apage%3Aemail_email_job_alert_digest_01%3B8TaPeY1bRI2egsxYMlGDmw%3D%3D&midToken=AQEKHR1Imwpbig&midSig=3FTgMPYpGvUHE1&trk=eml-email_job_alert_digest_01-job~alert-0-see~similar~jobs&trkEmail=eml-email_job_alert_digest_01-job~alert-0-see~similar~jobs-null-ktjvvs~m815j37k~te-null-null&eid=ktjvvs-m815j37k-te&otpToken=MTMwNzFiZTgxYjI4YzljNWIyMjYwZmViNDExYWU2YjA4NmNiZDY0Mjk5YTg4ZTZiN2JjZjA4Njk0YTVlNThmMWZlZDBkNmU5NjBmNGNjZjgwMmFmZThiNzEwYzg2Mzg0ZGM2ZjZkYzc2MmY0ZWEzODk1ZjA4YzAyLDEsMQ%3D%3D,LinkedIn Job Alerts,2025-06-19T12:52:59.681285+00:00
See similar jobs,No Company Found,No Location Found,Salary Not Provided,https://www.linkedin.com/jobs/collections/similar-jobs?referenceJobId=4179190772&origin=JOB_ALERT_EMAIL&lipi=urn%3Ali%3Apage%3Aemail_email_job_alert_digest_01%3BeZbzxQNKSh%2BJ0th646RK1g%3D%3D&midToken=AQEKHR1Imwpbig&midSig=0sHz6D2OJTTrE1&trk=eml-email_job_alert_digest_01-job~alert-0-see~similar~jobs&trkEmail=eml-email_job_alert_digest_01-job~alert-0-see~similar~jobs-null-ktjvvs~m7zudjw0~j8-null-null&eid=ktjvvs-m7zudjw0-j8&otpToken=MTMwNzFiZTgxYjI4YzljNWIyMjYwZmViNDExYWU2YjA4ZWM4ZDQ0MzlhYTY4OTZhN2JjZjA4Njk0YTVlNThmMWZlZDBkNmU5NmZjOWJjODAwMWE2YzhhNGMyMTM0OWVlNDZlMDViNTMxMDhkMjJkMzc2NmU4YmE3LDEsMQ%3D%3D,LinkedIn Job Alerts,2025-06-19T12:52:58.818515+00:00
See similar jobs,frontend developer,"Boston, MA",$0,https://www.linkedin.com/jobs/collections/similar-jobs?referenceJobId=4179190772&origin=JOB_ALERT_EMAIL&lipi=urn%3Ali%3Apage%3Aemail_email_job_alert_digest_01%3BeZbzxQNKSh%2BJ0th646RK1g%3D%3D&midToken=AQEKHR1Imwpbig&midSig=0sHz6D2OJTTrE1&trk=eml-email_job_alert_digest_01-job~alert-0-see~similar~jobs&trkEmail=eml-email_job_alert_digest_01-job~alert-0-see~similar~jobs-null-ktjvvs~m7zudjw0~j8-null-null&eid=ktjvvs-m7zudjw0-j8&otpToken=MTMwNzFiZTgxYjI4YzljNWIyMjYwZmViNDExYWU2YjA4ZWM4ZDQ0MzlhYTY4OTZhN2JjZjA4Njk0YTVlNThmMWZlZDBkNmU5NmZjOWJjODAwMWE2YzhhNGMyMTM0OWVlNDZlMDViNTMxMDhkMjJkMzc2NmU4YmE3LDEsMQ%3D%3D,LinkedIn Job Alerts,2025-06-19T12:52:58.815418+00:00
See similar jobs,No Company Found,No Location Found,Salary Not Provided,https://www.linkedin.com/jobs/collections/similar-jobs?referenceJobId=4177746803&origin=JOB_ALERT_EMAIL&lipi=urn%3Ali%3Apage%3Aemail_email_job_alert_digest_01%3BO%2FyzRRrzTLy79iM%2F62GusA%3D%3D&midToken=AQEKHR1Imwpbig&midSig=23VcYFaM__TbE1&trk=eml-email_job_alert_digest_01-job~alert-0-see~similar~jobs&trkEmail=eml-email_job_alert_digest_01-job~alert-0-see~similar~jobs-null-ktjvvs~m7zq38v2~zv-null-null&eid=ktjvvs-m7zq38v2-zv&otpToken=MTMwNzFiZTgxYjI4YzljNWIyMjYwZmViNDExYWU2YjA4ZmM3ZDI0MzlkYTg4YzZhN2JjZjA4Njk0YTVlNThmMWZlZDBkNmU5MTFjZmY4ODE0MmIwZjU5N2UxMzI3MTk2ODdiNjFkOWExZGExYWIxZGNlMTUxMWFkLDEsMQ%3D%3D,LinkedIn Job Alerts,2025-06-19T12:52:58.493032+00:00
See similar jobs,freelance,"Knoxville, TN",$0,https://www.linkedin.com/jobs/collections/similar-jobs?referenceJobId=4177746803&origin=JOB_ALERT_EMAIL&lipi=urn%3Ali%3Apage%3Aemail_email_job_alert_digest_01%3BO%2FyzRRrzTLy79iM%2F62GusA%3D%3D&midToken=AQEKHR1Imwpbig&midSig=23VcYFaM__TbE1&trk=eml-email_job_alert_digest_01-job~alert-0-see~similar~jobs&trkEmail=eml-email_job_alert_digest_01-job~alert-0-see~similar~jobs-null-ktjvvs~m7zq38v2~zv-null-null&eid=ktjvvs-m7zq38v2-zv&otpToken=MTMwNzFiZTgxYjI4YzljNWIyMjYwZmViNDExYWU2YjA4ZmM3ZDI0MzlkYTg4YzZhN2JjZjA4Njk0YTVlNThmMWZlZDBkNmU5MTFjZmY4ODE0MmIwZjU5N2UxMzI3MTk2ODdiNjFkOWExZGExYWIxZGNlMTUxMWFkLDEsMQ%3D%3D,LinkedIn Job Alerts,2025-06-19T12:52:58.490262+00:00
See similar jobs,No Company Found,No Location Found,Salary Not Provided,https://www.linkedin.com/jobs/collections/similar-jobs?referenceJobId=4067840069&origin=JOB_ALERT_EMAIL&lipi=urn%3Ali%3Apage%3Aemail_email_job_alert_digest_01%3Bqv8AVrZ2QWit2SkRd24czQ%3D%3D&midToken=AQEKHR1Imwpbig&midSig=2k3fwbjKb7SbE1&trk=eml-email_job_alert_digest_01-job~alert-0-see~similar~jobs&trkEmail=eml-email_job_alert_digest_01-job~alert-0-see~similar~jobs-null-ktjvvs~m7ynictr~38-null-null&eid=ktjvvs-m7ynictr-38&otpToken=MTMwNzFiZTgxYjI4YzljNWIyMjYwZmViNDExYWU2Yjc4YmNhZDQ0MjljYWU4YTY5N2JjZjA4Njk0YTVlNThmMWZlZDBkNmU5NzRiMWQwYzk0MmE3ZjdiYTdlZTNjMmU4NzY0NDcyZGFjOTM3MjM5NDY1YmU0MzJjLDEsMQ%3D%3D,LinkedIn Job Alerts,2025-06-19T12:52:58.139511+00:00
See similar jobs,web developer,"See jobs                      Other jobs you might be interested in                             Frontend Software Engineer, Web Marketing Platform       Cash App",$0,https://www.linkedin.com/jobs/collections/similar-jobs?referenceJobId=4067840069&origin=JOB_ALERT_EMAIL&lipi=urn%3Ali%3Apage%3Aemail_email_job_alert_digest_01%3Bqv8AVrZ2QWit2SkRd24czQ%3D%3D&midToken=AQEKHR1Imwpbig&midSig=2k3fwbjKb7SbE1&trk=eml-email_job_alert_digest_01-job~alert-0-see~similar~jobs&trkEmail=eml-email_job_alert_digest_01-job~alert-0-see~similar~jobs-null-ktjvvs~m7ynictr~38-null-null&eid=ktjvvs-m7ynictr-38&otpToken=MTMwNzFiZTgxYjI4YzljNWIyMjYwZmViNDExYWU2Yjc4YmNhZDQ0MjljYWU4YTY5N2JjZjA4Njk0YTVlNThmMWZlZDBkNmU5NzRiMWQwYzk0MmE3ZjdiYTdlZTNjMmU4NzY0NDcyZGFjOTM3MjM5NDY1YmU0MzJjLDEsMQ%3D%3D,LinkedIn Job Alerts,2025-06-19T12:52:58.136177+00:00
See similar jobs,No Company Found,No Location Found,Salary Not Provided,https://www.linkedin.com/jobs/collections/similar-jobs?referenceJobId=4176746268&origin=JOB_ALERT_EMAIL&lipi=urn%3Ali%3Apage%3Aemail_email_job_alert_digest_01%3BBgCS96n%2BTAOockfgBgSVtA%3D%3D&midToken=AQEKHR1Imwpbig&midSig=1V8T-S0nznRXE1&trk=eml-email_job_alert_digest_01-job~alert-0-see~similar~jobs&trkEmail=eml-email_job_alert_digest_01-job~alert-0-see~similar~jobs-null-ktjvvs~m7yexpi3~hk-null-null&eid=ktjvvs-m7yexpi3-hk&otpToken=MTMwNzFiZTgxYjI4YzljNWIyMjYwZmViNDExYWU2Yjc4Y2NlZDA0Mjk5YWE4OTZmN2JjZjA4Njk0YTVlNThmMWZlZDBkNmU5NTNmNWVhYzAwZmYzZDY5MGE1MTM0OTEwYjI2M2M4YTgxNDkxYzllOTQxNWZhYTA1LDEsMQ%3D%3D,LinkedIn Job Alerts,2025-06-19T12:52:57.464093+00:00
See similar jobs,frontend developer,"See jobs                      Other jobs you might be interested in                             Intern, Software Engineering       EVgo",$0,https://www.linkedin.com/jobs/collections/similar-jobs?referenceJobId=4176746268&origin=JOB_ALERT_EMAIL&lipi=urn%3Ali%3Apage%3Aemail_email_job_alert_digest_01%3BBgCS96n%2BTAOockfgBgSVtA%3D%3D&midToken=AQEKHR1Imwpbig&midSig=1V8T-S0nznRXE1&trk=eml-email_job_alert_digest_01-job~alert-0-see~similar~jobs&trkEmail=eml-email_job_alert_digest_01-job~alert-0-see~similar~jobs-null-ktjvvs~m7yexpi3~hk-null-null&eid=ktjvvs-m7yexpi3-hk&otpToken=MTMwNzFiZTgxYjI4YzljNWIyMjYwZmViNDExYWU2Yjc4Y2NlZDA0Mjk5YWE4OTZmN2JjZjA4Njk0YTVlNThmMWZlZDBkNmU5NTNmNWVhYzAwZmYzZDY5MGE1MTM0OTEwYjI2M2M4YTgxNDkxYzllOTQxNWZhYTA1LDEsMQ%3D%3D,LinkedIn Job Alerts,2025-06-19T12:52:57.461265+00:00
See similar jobs,No Company Found,No Location Found,Salary Not Provided,https://www.linkedin.com/jobs/collections/similar-jobs?referenceJobId=4174194313&origin=JOB_ALERT_EMAIL&lipi=urn%3Ali%3Apage%3Aemail_email_job_alert_digest_01%3BDiV%2BuFHIQPSQYr2KFHsU%2FQ%3D%3D&midToken=AQEKHR1Imwpbig&midSig=1fYqvJxCMDQXE1&trk=eml-email_job_alert_digest_01-job~alert-0-see~similar~jobs&trkEmail=eml-email_job_alert_digest_01-job~alert-0-see~similar~jobs-null-ktjvvs~m7x82hvd~zk-null-null&eid=ktjvvs-m7x82hvd-zk&otpToken=MTMwNzFiZTgxYjI4YzljNWIyMjYwZmViNDExYWU2YjY4YWM2ZDA0NTliYWE4ZTZiN2JjZjA4Njk0YTVlNThmMWZlZDBkNmU5NTVlN2NjZGY1YmZjZjg4NGViODkwNjU3M2NmN2Y2ZWI1ZmIxNWE5MjM1MjQ1OWM4LDEsMQ%3D%3D,LinkedIn Job Alerts,2025-06-19T12:52:56.861782+00:00
See similar jobs,entry level software developer,"Nashville, TN",$0,https://www.linkedin.com/jobs/collections/similar-jobs?referenceJobId=4174194313&origin=JOB_ALERT_EMAIL&lipi=urn%3Ali%3Apage%3Aemail_email_job_alert_digest_01%3BDiV%2BuFHIQPSQYr2KFHsU%2FQ%3D%3D&midToken=AQEKHR1Imwpbig&midSig=1fYqvJxCMDQXE1&trk=eml-email_job_alert_digest_01-job~alert-0-see~similar~jobs&trkEmail=eml-email_job_alert_digest_01-job~alert-0-see~similar~jobs-null-ktjvvs~m7x82hvd~zk-null-null&eid=ktjvvs-m7x82hvd-zk&otpToken=MTMwNzFiZTgxYjI4YzljNWIyMjYwZmViNDExYWU2YjY4YWM2ZDA0NTliYWE4ZTZiN2JjZjA4Njk0YTVlNThmMWZlZDBkNmU5NTVlN2NjZGY1YmZjZjg4NGViODkwNjU3M2NmN2Y2ZWI1ZmIxNWE5MjM1MjQ1OWM4LDEsMQ%3D%3D,LinkedIn Job Alerts,2025-06-19T12:52:56.858550+00:00
See similar jobs,No Company Found,No Location Found,Salary Not Provided,https://www.linkedin.com/jobs/collections/similar-jobs?referenceJobId=4150371464&origin=JOB_ALERT_EMAIL&lipi=urn%3Ali%3Apage%3Aemail_email_job_alert_digest_01%3Brp6Zzeo%2FTlu%2Baw7d6KINNg%3D%3D&midToken=AQEKHR1Imwpbig&midSig=2S7AgVCQ2LQHE1&trk=eml-email_job_alert_digest_01-job~alert-0-see~similar~jobs&trkEmail=eml-email_job_alert_digest_01-job~alert-0-see~similar~jobs-null-ktjvvs~m7x3s6iz~it-null-null&eid=ktjvvs-m7x3s6iz-it&otpToken=MTMwNzFiZTgxYjI4YzljNWIyMjYwZmViNDExYWU2YjY4YWNlZDg0NzljYWY4YjZmN2JjZjA4Njk0YTVlNThmMWZlZDBkNmU5NTFiOWMyZDc0ZmJjY2FhMjNiMmM4ZTRlNzQzYTZlZGExYjY3N2Q0ZDZlYjc0MzU1LDEsMQ%3D%3D,LinkedIn Job Alerts,2025-06-19T12:52:56.543401+00:00
See similar jobs,web developer,"Herndon, VA",$0,https://www.linkedin.com/jobs/collections/similar-jobs?referenceJobId=4150371464&origin=JOB_ALERT_EMAIL&lipi=urn%3Ali%3Apage%3Aemail_email_job_alert_digest_01%3Brp6Zzeo%2FTlu%2Baw7d6KINNg%3D%3D&midToken=AQEKHR1Imwpbig&midSig=2S7AgVCQ2LQHE1&trk=eml-email_job_alert_digest_01-job~alert-0-see~similar~jobs&trkEmail=eml-email_job_alert_digest_01-job~alert-0-see~similar~jobs-null-ktjvvs~m7x3s6iz~it-null-null&eid=ktjvvs-m7x3s6iz-it&otpToken=MTMwNzFiZTgxYjI4YzljNWIyMjYwZmViNDExYWU2YjY4YWNlZDg0NzljYWY4YjZmN2JjZjA4Njk0YTVlNThmMWZlZDBkNmU5NTFiOWMyZDc0ZmJjY2FhMjNiMmM4ZTRlNzQzYTZlZGExYjY3N2Q0ZDZlYjc0MzU1LDEsMQ%3D%3D,LinkedIn Job Alerts,2025-06-19T12:52:56.540388+00:00
See similar jobs,No Company Found,No Location Found,Salary Not Provided,https://www.linkedin.com/jobs/collections/similar-jobs?referenceJobId=4176494193&origin=JOB_ALERT_EMAIL&lipi=urn%3Ali%3Apage%3Aemail_email_job_alert_digest_01%3BShmir%2BXIRHuF5E4m%2FpY%2BcQ%3D%3D&midToken=AQEKHR1Imwpbig&midSig=3N7TcVBkgTQHE1&trk=eml-email_job_alert_digest_01-job~alert-0-see~similar~jobs&trkEmail=eml-email_job_alert_digest_01-job~alert-0-see~similar~jobs-null-ktjvvs~m7wzhvch~q7-null-null&eid=ktjvvs-m7wzhvch-q7&otpToken=MTMwNzFiZTgxYjI4YzljNWIyMjYwZmViNDExYWU2YjY4YmNkZDY0NDljYTk4YzY5N2JjZjA4Njk0YTVlNThmMWZlZDBkNmU5NzZlZmNhZjM0ZWZkZDA5MWUzZWM2YzM1ZWZiMWY1MmI1ZjBiMjhhMDA1ZDg2N2UxLDEsMQ%3D%3D,LinkedIn Job Alerts,2025-06-19T12:52:56.297800+00:00
See similar jobs,frontend developer,"Dallas, TX",$0,https://www.linkedin.com/jobs/collections/similar-jobs?referenceJobId=4176494193&origin=JOB_ALERT_EMAIL&lipi=urn%3Ali%3Apage%3Aemail_email_job_alert_digest_01%3BShmir%2BXIRHuF5E4m%2FpY%2BcQ%3D%3D&midToken=AQEKHR1Imwpbig&midSig=3N7TcVBkgTQHE1&trk=eml-email_job_alert_digest_01-job~alert-0-see~similar~jobs&trkEmail=eml-email_job_alert_digest_01-job~alert-0-see~similar~jobs-null-ktjvvs~m7wzhvch~q7-null-null&eid=ktjvvs-m7wzhvch-q7&otpToken=MTMwNzFiZTgxYjI4YzljNWIyMjYwZmViNDExYWU2YjY4YmNkZDY0NDljYTk4YzY5N2JjZjA4Njk0YTVlNThmMWZlZDBkNmU5NzZlZmNhZjM0ZWZkZDA5MWUzZWM2YzM1ZWZiMWY1MmI1ZjBiMjhhMDA1ZDg2N2UxLDEsMQ%3D%3D,LinkedIn Job Alerts,2025-06-19T12:52:56.294959+00:00
See similar jobs,No Company Found,No Location Found,Salary Not Provided,https://www.linkedin.com/jobs/collections/similar-jobs?referenceJobId=4176408307&origin=JOB_ALERT_EMAIL&lipi=urn%3Ali%3Apage%3Aemail_email_job_alert_digest_01%3B8zJoPyafQlSugifdohlRdA%3D%3D&midToken=AQEKHR1Imwpbig&midSig=2Hl_qaarq_QrE1&trk=eml-email_job_alert_digest_01-job~alert-0-see~similar~jobs&trkEmail=eml-email_job_alert_digest_01-job~alert-0-see~similar~jobs-null-ktjvvs~m7wv7jd2~n9-null-null&eid=ktjvvs-m7wv7jd2-n9&otpToken=MTMwNzFiZTgxYjI4YzljNWIyMjYwZmViNDExYWU2YjY4Y2M4ZDQ0NzliYWM4ODZlN2JjZjA4Njk0YTVlNThmMWZlZDBkNmU5NzBlMmZhZDI3M2ZkYzI5ZjYwNjRjZTExOThhMzI4NGU2MWY1OTQzMDA4N2Y3NDM4LDEsMQ%3D%3D,LinkedIn Job Alerts,2025-06-19T12:52:56.012192+00:00
See similar jobs,freelance,"Knoxville, TN",$0,https://www.linkedin.com/jobs/collections/similar-jobs?referenceJobId=4176408307&origin=JOB_ALERT_EMAIL&lipi=urn%3Ali%3Apage%3Aemail_email_job_alert_digest_01%3B8zJoPyafQlSugifdohlRdA%3D%3D&midToken=AQEKHR1Imwpbig&midSig=2Hl_qaarq_QrE1&trk=eml-email_job_alert_digest_01-job~alert-0-see~similar~jobs&trkEmail=eml-email_job_alert_digest_01-job~alert-0-see~similar~jobs-null-ktjvvs~m7wv7jd2~n9-null-null&eid=ktjvvs-m7wv7jd2-n9&otpToken=MTMwNzFiZTgxYjI4YzljNWIyMjYwZmViNDExYWU2YjY4Y2M4ZDQ0NzliYWM4ODZlN2JjZjA4Njk0YTVlNThmMWZlZDBkNmU5NzBlMmZhZDI3M2ZkYzI5ZjYwNjRjZTExOThhMzI4NGU2MWY1OTQzMDA4N2Y3NDM4LDEsMQ%3D%3D,LinkedIn Job Alerts,2025-06-19T12:52:56.009862+00:00
See similar jobs,No Company Found,No Location Found,Salary Not Provided,https://www.linkedin.com/jobs/collections/similar-jobs?referenceJobId=4172857715&origin=JOB_ALERT_EMAIL&lipi=urn%3Ali%3Apage%3Aemail_email_job_alert_digest_01%3BjIaARv0YQkqL8OZr84jQZw%3D%3D&midToken=AQEKHR1Imwpbig&midSig=05_A-TobGnPbE1&trk=eml-email_job_alert_digest_01-job~alert-0-see~similar~jobs&trkEmail=eml-email_job_alert_digest_01-job~alert-0-see~similar~jobs-null-ktjvvs~m7vk20kh~7l-null-null&eid=ktjvvs-m7vk20kh-7l&otpToken=MTMwNzFiZTgxYjI4YzljNWIyMjYwZmViNDExYWU2YjU4YWM5ZDI0Mjk5YTc4ZTY4N2JjZjA4Njk0YTVlNThmMWZlZDBkNmU5NTFmMmJjZTI3OGZhZjljYWMyMWRlYmNhOWZjZDQzMTAwYzFhYmZjNTVkODI2YTk2LDEsMQ%3D%3D,LinkedIn Job Alerts,2025-06-19T12:52:55.444490+00:00
See similar jobs,web developer,"AEM, Figma",$0,https://www.linkedin.com/jobs/collections/similar-jobs?referenceJobId=4172857715&origin=JOB_ALERT_EMAIL&lipi=urn%3Ali%3Apage%3Aemail_email_job_alert_digest_01%3BjIaARv0YQkqL8OZr84jQZw%3D%3D&midToken=AQEKHR1Imwpbig&midSig=05_A-TobGnPbE1&trk=eml-email_job_alert_digest_01-job~alert-0-see~similar~jobs&trkEmail=eml-email_job_alert_digest_01-job~alert-0-see~similar~jobs-null-ktjvvs~m7vk20kh~7l-null-null&eid=ktjvvs-m7vk20kh-7l&otpToken=MTMwNzFiZTgxYjI4YzljNWIyMjYwZmViNDExYWU2YjU4YWM5ZDI0Mjk5YTc4ZTY4N2JjZjA4Njk0YTVlNThmMWZlZDBkNmU5NTFmMmJjZTI3OGZhZjljYWMyMWRlYmNhOWZjZDQzMTAwYzFhYmZjNTVkODI2YTk2LDEsMQ%3D%3D,LinkedIn Job Alerts,2025-06-19T12:52:55.441330+00:00
See similar jobs,No Company Found,No Location Found,Salary Not Provided,https://www.linkedin.com/jobs/collections/similar-jobs?referenceJobId=4175191295&origin=JOB_ALERT_EMAIL&lipi=urn%3Ali%3Apage%3Aemail_email_job_alert_digest_01%3BvFK90jh6RFCKULyYMGlMsw%3D%3D&midToken=AQEKHR1Imwpbig&midSig=316tER7HwvPbE1&trk=eml-email_job_alert_digest_01-job~alert-0-see~similar~jobs&trkEmail=eml-email_job_alert_digest_01-job~alert-0-see~similar~jobs-null-ktjvvs~m7vfrot0~39-null-null&eid=ktjvvs-m7vfrot0-39&otpToken=MTMwNzFiZTgxYjI4YzljNWIyMjYwZmViNDExYWU2YjU4YWNlZDA0NDliYWE4YjY5N2JjZjA4Njk0YTVlNThmMWZlZDBkNmU5NjBmM2ZiZTk3NWEwZDhiYjU3NjkwY2VjMzhhZmY3ZGQ4YmM1NTJkMWM3ODFhOWI5LDEsMQ%3D%3D,LinkedIn Job Alerts,2025-06-19T12:52:55.102616+00:00
See similar jobs,frontend developer,"Wisconsin, United States",$0,https://www.linkedin.com/jobs/collections/similar-jobs?referenceJobId=4175191295&origin=JOB_ALERT_EMAIL&lipi=urn%3Ali%3Apage%3Aemail_email_job_alert_digest_01%3BvFK90jh6RFCKULyYMGlMsw%3D%3D&midToken=AQEKHR1Imwpbig&midSig=316tER7HwvPbE1&trk=eml-email_job_alert_digest_01-job~alert-0-see~similar~jobs&trkEmail=eml-email_job_alert_digest_01-job~alert-0-see~similar~jobs-null-ktjvvs~m7vfrot0~39-null-null&eid=ktjvvs-m7vfrot0-39&otpToken=MTMwNzFiZTgxYjI4YzljNWIyMjYwZmViNDExYWU2YjU4YWNlZDA0NDliYWE4YjY5N2JjZjA4Njk0YTVlNThmMWZlZDBkNmU5NjBmM2ZiZTk3NWEwZDhiYjU3NjkwY2VjMzhhZmY3ZGQ4YmM1NTJkMWM3ODFhOWI5LDEsMQ%3D%3D,LinkedIn Job Alerts,2025-06-19T12:52:55.099848+00:00
See similar jobs,No Company Found,No Location Found,Salary Not Provided,https://www.linkedin.com/jobs/collections/similar-jobs?referenceJobId=4174097321&origin=JOB_ALERT_EMAIL&lipi=urn%3Ali%3Apage%3Aemail_email_job_alert_digest_01%3BNdTxOQkXTjOCiLrGJn%2BshQ%3D%3D&midToken=AQEKHR1Imwpbig&midSig=3YtHzRnb5nMrE1&trk=eml-email_job_alert_digest_01-job~alert-0-see~similar~jobs&trkEmail=eml-email_job_alert_digest_01-job~alert-0-see~similar~jobs-null-ktjvvs~m7sp6aqz~ms-null-null&eid=ktjvvs-m7sp6aqz-ms&otpToken=MTMwNzFiZTgxYjI4YzljNWIyMjYwZmViNDExYWU3YmQ4N2NhZDQ0MjkwYWM4YjZhN2JjZjA4Njk0YTVlNThmMWZlZDBkNmU5MTBjYWU1Zjg2Y2IzZjFhMTZiMmU3YjBlMmI4OGQ4NzY5ZTMzZGI0Zjc0YzVhODM2LDEsMQ%3D%3D,LinkedIn Job Alerts,2025-06-19T12:52:53.741745+00:00
See similar jobs,web developer,"Remote, US",$0,https://www.linkedin.com/jobs/collections/similar-jobs?referenceJobId=4174097321&origin=JOB_ALERT_EMAIL&lipi=urn%3Ali%3Apage%3Aemail_email_job_alert_digest_01%3BNdTxOQkXTjOCiLrGJn%2BshQ%3D%3D&midToken=AQEKHR1Imwpbig&midSig=3YtHzRnb5nMrE1&trk=eml-email_job_alert_digest_01-job~alert-0-see~similar~jobs&trkEmail=eml-email_job_alert_digest_01-job~alert-0-see~similar~jobs-null-ktjvvs~m7sp6aqz~ms-null-null&eid=ktjvvs-m7sp6aqz-ms&otpToken=MTMwNzFiZTgxYjI4YzljNWIyMjYwZmViNDExYWU3YmQ4N2NhZDQ0MjkwYWM4YjZhN2JjZjA4Njk0YTVlNThmMWZlZDBkNmU5MTBjYWU1Zjg2Y2IzZjFhMTZiMmU3YjBlMmI4OGQ4NzY5ZTMzZGI0Zjc0YzVhODM2LDEsMQ%3D%3D,LinkedIn Job Alerts,2025-06-19T12:52:53.737971+00:00
See similar jobs,No Company Found,No Location Found,Salary Not Provided,https://www.linkedin.com/jobs/collections/similar-jobs?referenceJobId=4118111207&origin=JOB_ALERT_EMAIL&lipi=urn%3Ali%3Apage%3Aemail_email_job_alert_digest_01%3BISkW4wJ6RdqPXySY%2BtbYfg%3D%3D&midToken=AQEKHR1Imwpbig&midSig=04_XE31dSTKXE1&trk=eml-email_job_alert_digest_01-job~alert-0-see~similar~jobs&trkEmail=eml-email_job_alert_digest_01-job~alert-0-see~similar~jobs-null-ktjvvs~m7r9qg4e~vs-null-null&eid=ktjvvs-m7r9qg4e-vs&otpToken=MTMwNzFiZTgxYjI4YzljNWIyMjYwZmViNDExYWU3YmM4NmM2ZDA0MzljYTk4YjZiN2JjZjA4Njk0YTVlNThmMWZlZDBkNmU5NzdmN2RlZGQ2Yzg4ZGM5NjdhODg3NGJkMjliMGE1MWQ5NzU1MGQ3MGY0Nzk5ODBjLDEsMQ%3D%3D,LinkedIn Job Alerts,2025-06-19T12:52:53.378252+00:00
See similar jobs,web developer,"New York, NY",$0,https://www.linkedin.com/jobs/collections/similar-jobs?referenceJobId=4118111207&origin=JOB_ALERT_EMAIL&lipi=urn%3Ali%3Apage%3Aemail_email_job_alert_digest_01%3BISkW4wJ6RdqPXySY%2BtbYfg%3D%3D&midToken=AQEKHR1Imwpbig&midSig=04_XE31dSTKXE1&trk=eml-email_job_alert_digest_01-job~alert-0-see~similar~jobs&trkEmail=eml-email_job_alert_digest_01-job~alert-0-see~similar~jobs-null-ktjvvs~m7r9qg4e~vs-null-null&eid=ktjvvs-m7r9qg4e-vs&otpToken=MTMwNzFiZTgxYjI4YzljNWIyMjYwZmViNDExYWU3YmM4NmM2ZDA0MzljYTk4YjZiN2JjZjA4Njk0YTVlNThmMWZlZDBkNmU5NzdmN2RlZGQ2Yzg4ZGM5NjdhODg3NGJkMjliMGE1MWQ5NzU1MGQ3MGY0Nzk5ODBjLDEsMQ%3D%3D,LinkedIn Job Alerts,2025-06-19T12:52:53.375406+00:00
See similar jobs,No Company Found,No Location Found,Salary Not Provided,https://www.linkedin.com/jobs/collections/similar-jobs?referenceJobId=4172139781&origin=JOB_ALERT_EMAIL&lipi=urn%3Ali%3Apage%3Aemail_email_job_alert_digest_01%3B%2FiG2MHFqTTax7I6gRzCYqw%3D%3D&midToken=AQEKHR1Imwpbig&midSig=3NrvPWWDM_KXE1&trk=eml-email_job_alert_digest_01-job~alert-0-see~similar~jobs&trkEmail=eml-email_job_alert_digest_01-job~alert-0-see~similar~jobs-null-ktjvvs~m7r5g4hd~ao-null-null&eid=ktjvvs-m7r5g4hd-ao&otpToken=MTMwNzFiZTgxYjI4YzljNWIyMjYwZmViNDExYWU3YmM4NmNlZDg0MzlhYTc4NzYzN2JjZjA4Njk0YTVlNThmMWZlZDBkNmU5NGNkM2MxYzI1ZGE5ZDM4MDZiZDE3NzFiMzRhOTEyZjZhNWU0ZWRlNTBmMDYxZWM1LDEsMQ%3D%3D,LinkedIn Job Alerts,2025-06-19T12:52:53.065906+00:00
See similar jobs,frontend developer,"Houston, TX",$0,https://www.linkedin.com/jobs/collections/similar-jobs?referenceJobId=4172139781&origin=JOB_ALERT_EMAIL&lipi=urn%3Ali%3Apage%3Aemail_email_job_alert_digest_01%3B%2FiG2MHFqTTax7I6gRzCYqw%3D%3D&midToken=AQEKHR1Imwpbig&midSig=3NrvPWWDM_KXE1&trk=eml-email_job_alert_digest_01-job~alert-0-see~similar~jobs&trkEmail=eml-email_job_alert_digest_01-job~alert-0-see~similar~jobs-null-ktjvvs~m7r5g4hd~ao-null-null&eid=ktjvvs-m7r5g4hd-ao&otpToken=MTMwNzFiZTgxYjI4YzljNWIyMjYwZmViNDExYWU3YmM4NmNlZDg0MzlhYTc4NzYzN2JjZjA4Njk0YTVlNThmMWZlZDBkNmU5NGNkM2MxYzI1ZGE5ZDM4MDZiZDE3NzFiMzRhOTEyZjZhNWU0ZWRlNTBmMDYxZWM1LDEsMQ%3D%3D,LinkedIn Job Alerts,2025-06-19T12:52:53.063291+00:00
See similar jobs,No Company Found,No Location Found,Salary Not Provided,https://www.linkedin.com/jobs/collections/similar-jobs?referenceJobId=4119847205&origin=JOB_ALERT_EMAIL&lipi=urn%3Ali%3Apage%3Aemail_email_job_alert_digest_01%3BHh4ldcb3RkWs369C40Z28Q%3D%3D&midToken=AQEKHR1Imwpbig&midSig=3McNFWpds7JXE1&trk=eml-email_job_alert_digest_01-job~alert-0-see~similar~jobs&trkEmail=eml-email_job_alert_digest_01-job~alert-0-see~similar~jobs-null-ktjvvs~m7q2v8ec~ta-null-null&eid=ktjvvs-m7q2v8ec-ta&otpToken=MTMwNzFiZTgxYjI4YzljNWIyMjYwZmViNDExYWU3YmM4ZGM4ZDA0MjlkYTc4NzZmN2JjZjA4Njk0YTVlNThmMWZlZDBkNmU5NjliMWJiZGU0N2FlZTJhYmQxZDVhYzNiNzE3MGM0MTM4NTUxY2ZhZTU1Nzk5NTgxLDEsMQ%3D%3D,LinkedIn Job Alerts,2025-06-19T12:52:52.785660+00:00
See similar jobs,entry level software developer,"Triumph Financial, Inc",$0,https://www.linkedin.com/jobs/collections/similar-jobs?referenceJobId=4119847205&origin=JOB_ALERT_EMAIL&lipi=urn%3Ali%3Apage%3Aemail_email_job_alert_digest_01%3BHh4ldcb3RkWs369C40Z28Q%3D%3D&midToken=AQEKHR1Imwpbig&midSig=3McNFWpds7JXE1&trk=eml-email_job_alert_digest_01-job~alert-0-see~similar~jobs&trkEmail=eml-email_job_alert_digest_01-job~alert-0-see~similar~jobs-null-ktjvvs~m7q2v8ec~ta-null-null&eid=ktjvvs-m7q2v8ec-ta&otpToken=MTMwNzFiZTgxYjI4YzljNWIyMjYwZmViNDExYWU3YmM4ZGM4ZDA0MjlkYTc4NzZmN2JjZjA4Njk0YTVlNThmMWZlZDBkNmU5NjliMWJiZGU0N2FlZTJhYmQxZDVhYzNiNzE3MGM0MTM4NTUxY2ZhZTU1Nzk5NTgxLDEsMQ%3D%3D,LinkedIn Job Alerts,2025-06-19T12:52:52.782681+00:00
See similar jobs,No Company Found,No Location Found,Salary Not Provided,https://www.linkedin.com/jobs/collections/similar-jobs?referenceJobId=4171067082&origin=JOB_ALERT_EMAIL&lipi=urn%3Ali%3Apage%3Aemail_email_job_alert_digest_01%3BlndXAV4%2BR%2FOybQzoMWsjHw%3D%3D&midToken=AQEKHR1Imwpbig&midSig=2a5Z3q_uknJHE1&trk=eml-email_job_alert_digest_01-job~alert-0-see~similar~jobs&trkEmail=eml-email_job_alert_digest_01-job~alert-0-see~similar~jobs-null-ktjvvs~m7pual8p~g2-null-null&eid=ktjvvs-m7pual8p-g2&otpToken=MTMwNzFiZTgxYjI4YzljNWIyMjYwZmViNDExYWU3YmM4ZWNmZDY0MjlmYTY4ZDZjN2JjZjA4Njk0YTVlNThmMWZlZDBkNmU5NDhkMWM2ZTI3OWZhYTliYjgzMGNjOTkxZjZmMWYxN2EzY2RkZDk1ZjNiZWMxYzFiLDEsMQ%3D%3D,LinkedIn Job Alerts,2025-06-19T12:52:52.516060+00:00
See similar jobs,web developer,"Senior Web Developer, Location Washington",$0,https://www.linkedin.com/jobs/collections/similar-jobs?referenceJobId=4171067082&origin=JOB_ALERT_EMAIL&lipi=urn%3Ali%3Apage%3Aemail_email_job_alert_digest_01%3BlndXAV4%2BR%2FOybQzoMWsjHw%3D%3D&midToken=AQEKHR1Imwpbig&midSig=2a5Z3q_uknJHE1&trk=eml-email_job_alert_digest_01-job~alert-0-see~similar~jobs&trkEmail=eml-email_job_alert_digest_01-job~alert-0-see~similar~jobs-null-ktjvvs~m7pual8p~g2-null-null&eid=ktjvvs-m7pual8p-g2&otpToken=MTMwNzFiZTgxYjI4YzljNWIyMjYwZmViNDExYWU3YmM4ZWNmZDY0MjlmYTY4ZDZjN2JjZjA4Njk0YTVlNThmMWZlZDBkNmU5NDhkMWM2ZTI3OWZhYTliYjgzMGNjOTkxZjZmMWYxN2EzY2RkZDk1ZjNiZWMxYzFiLDEsMQ%3D%3D,LinkedIn Job Alerts,2025-06-19T12:52:52.512901+00:00
See similar jobs,No Company Found,No Location Found,Salary Not Provided,https://www.linkedin.com/jobs/collections/similar-jobs?referenceJobId=4168100133&origin=JOB_ALERT_EMAIL&lipi=urn%3Ali%3Apage%3Aemail_email_job_alert_digest_01%3B4M4c8FXrQg2Y3cTlbzy5%2Fw%3D%3D&midToken=AQEKHR1Imwpbig&midSig=0FI_m-EovLIbE1&trk=eml-email_job_alert_digest_01-job~alert-0-see~similar~jobs&trkEmail=eml-email_job_alert_digest_01-job~alert-0-see~similar~jobs-null-ktjvvs~m7oj52vd~ww-null-null&eid=ktjvvs-m7oj52vd-ww&otpToken=MTMwNzFiZTgxYjI4YzljNWIyMjYwZmViNDExYWU3YjM4Y2NjZDQ0MzkwYTk4OTZjN2JjZjA4Njk0YTVlNThmMWZlZDBkNmU5NWJkMGQxZGM1Mzg0YWRjNWYwNjFhNWI3NjEwZjRjYmVmODZiYzYzMWIwOTA0ZGE5LDEsMQ%3D%3D,LinkedIn Job Alerts,2025-06-19T12:52:51.851056+00:00
See similar jobs,entry level software developer,"Actively recruiting                      Easy Apply                                                           Sr Pentest Security Engineer, Devices",$0,https://www.linkedin.com/jobs/collections/similar-jobs?referenceJobId=4168100133&origin=JOB_ALERT_EMAIL&lipi=urn%3Ali%3Apage%3Aemail_email_job_alert_digest_01%3B4M4c8FXrQg2Y3cTlbzy5%2Fw%3D%3D&midToken=AQEKHR1Imwpbig&midSig=0FI_m-EovLIbE1&trk=eml-email_job_alert_digest_01-job~alert-0-see~similar~jobs&trkEmail=eml-email_job_alert_digest_01-job~alert-0-see~similar~jobs-null-ktjvvs~m7oj52vd~ww-null-null&eid=ktjvvs-m7oj52vd-ww&otpToken=MTMwNzFiZTgxYjI4YzljNWIyMjYwZmViNDExYWU3YjM4Y2NjZDQ0MzkwYTk4OTZjN2JjZjA4Njk0YTVlNThmMWZlZDBkNmU5NWJkMGQxZGM1Mzg0YWRjNWYwNjFhNWI3NjEwZjRjYmVmODZiYzYzMWIwOTA0ZGE5LDEsMQ%3D%3D,LinkedIn Job Alerts,2025-06-19T12:52:51.847666+00:00
See similar jobs,No Company Found,No Location Found,Salary Not Provided,https://www.linkedin.com/jobs/collections/similar-jobs?referenceJobId=4166983546&origin=JOB_ALERT_EMAIL&lipi=urn%3Ali%3Apage%3Aemail_email_job_alert_digest_01%3BII%2BXWeI2TD2sYoJu2%2FZP7A%3D%3D&midToken=AQEKHR1Imwpbig&midSig=2n7bhZvhhTIbE1&trk=eml-email_job_alert_digest_01-job~alert-0-see~similar~jobs&trkEmail=eml-email_job_alert_digest_01-job~alert-0-see~similar~jobs-null-ktjvvs~m7oeur8o~ul-null-null&eid=ktjvvs-m7oeur8o-ul&otpToken=MTMwNzFiZTgxYjI4YzljNWIyMjYwZmViNDExYWU3YjM4ZGNiZDI0MzkxYTg4ZDZlN2JjZjA4Njk0YTVlNThmMWZlZDBkNmU5MTRkMmYxZGY0Mjk5ZDY5NjY3OTMyZDYyMTI3OWI4Yjc0ZTllOThhODRkODlkMTQ5LDEsMQ%3D%3D,LinkedIn Job Alerts,2025-06-19T12:52:51.576348+00:00
See similar jobs,web developer,"Indianapolis, IN",$0,https://www.linkedin.com/jobs/collections/similar-jobs?referenceJobId=4166983546&origin=JOB_ALERT_EMAIL&lipi=urn%3Ali%3Apage%3Aemail_email_job_alert_digest_01%3BII%2BXWeI2TD2sYoJu2%2FZP7A%3D%3D&midToken=AQEKHR1Imwpbig&midSig=2n7bhZvhhTIbE1&trk=eml-email_job_alert_digest_01-job~alert-0-see~similar~jobs&trkEmail=eml-email_job_alert_digest_01-job~alert-0-see~similar~jobs-null-ktjvvs~m7oeur8o~ul-null-null&eid=ktjvvs-m7oeur8o-ul&otpToken=MTMwNzFiZTgxYjI4YzljNWIyMjYwZmViNDExYWU3YjM4ZGNiZDI0MzkxYTg4ZDZlN2JjZjA4Njk0YTVlNThmMWZlZDBkNmU5MTRkMmYxZGY0Mjk5ZDY5NjY3OTMyZDYyMTI3OWI4Yjc0ZTllOThhODRkODlkMTQ5LDEsMQ%3D%3D,LinkedIn Job Alerts,2025-06-19T12:52:51.572441+00:00
See similar jobs,No Company Found,No Location Found,Salary Not Provided,https://www.linkedin.com/jobs/collections/similar-jobs?referenceJobId=4011574263&origin=JOB_ALERT_EMAIL&lipi=urn%3Ali%3Apage%3Aemail_email_job_alert_digest_01%3BIPE8ddwQQWa%2FCn%2FSyxlVlQ%3D%3D&midToken=AQEKHR1Imwpbig&midSig=3QsgBkDWv7GXE1&trk=eml-email_job_alert_digest_01-job~alert-0-see~similar~jobs&trkEmail=eml-email_job_alert_digest_01-job~alert-0-see~similar~jobs-null-ktjvvs~m7n7zjk1~eq-null-null&eid=ktjvvs-m7n7zjk1-eq&otpToken=MTMwNzFiZTgxYjI4YzljNWIyMjYwZmViNDExYWU3YjI4YWNkZDI0MzllYWE4ZDZmN2JjZjA4Njk0YTVlNThmMWZlZDBkNmU5NGJlY2VkZmQ2MjhiYTliNDlhODU4MzhmYjQ3ZDU2MTFlZjQ5MzVlOGYyM2Q4YjI2LDEsMQ%3D%3D,LinkedIn Job Alerts,2025-06-19T12:52:50.949433+00:00
See similar jobs,freelance,"Raleigh, NC",$0,https://www.linkedin.com/jobs/collections/similar-jobs?referenceJobId=4011574263&origin=JOB_ALERT_EMAIL&lipi=urn%3Ali%3Apage%3Aemail_email_job_alert_digest_01%3BIPE8ddwQQWa%2FCn%2FSyxlVlQ%3D%3D&midToken=AQEKHR1Imwpbig&midSig=3QsgBkDWv7GXE1&trk=eml-email_job_alert_digest_01-job~alert-0-see~similar~jobs&trkEmail=eml-email_job_alert_digest_01-job~alert-0-see~similar~jobs-null-ktjvvs~m7n7zjk1~eq-null-null&eid=ktjvvs-m7n7zjk1-eq&otpToken=MTMwNzFiZTgxYjI4YzljNWIyMjYwZmViNDExYWU3YjI4YWNkZDI0MzllYWE4ZDZmN2JjZjA4Njk0YTVlNThmMWZlZDBkNmU5NGJlY2VkZmQ2MjhiYTliNDlhODU4MzhmYjQ3ZDU2MTFlZjQ5MzVlOGYyM2Q4YjI2LDEsMQ%3D%3D,LinkedIn Job Alerts,2025-06-19T12:52:50.946741+00:00
See similar jobs,No Company Found,No Location Found,Salary Not Provided,https://www.linkedin.com/jobs/collections/similar-jobs?referenceJobId=4167908409&origin=JOB_ALERT_EMAIL&lipi=urn%3Ali%3Apage%3Aemail_email_job_alert_digest_01%3BxjsCosdfSZSaIR3Sd3fcpA%3D%3D&midToken=AQEKHR1Imwpbig&midSig=157DeQUZ_nGHE1&trk=eml-email_job_alert_digest_01-job~alert-0-see~similar~jobs&trkEmail=eml-email_job_alert_digest_01-job~alert-0-see~similar~jobs-null-ktjvvs~m7mzewhf~h0-null-null&eid=ktjvvs-m7mzewhf-h0&otpToken=MTMwNzFiZTgxYjI4YzljNWIyMjYwZmViNDExYWU3YjI4Y2M2ZDg0MjkwYWM4NjZhN2JjZjA4Njk0YTVlNThmMWZlZDBkNmU5NjZkMGI4ZDk2NmJmZGNiNGFmM2NhNTY2NDE0ZjgwMmY0MTg0ZTVkNDcxYzFiZWFlLDEsMQ%3D%3D,LinkedIn Job Alerts,2025-06-19T12:52:50.463575+00:00
See similar jobs,web developer,"See jobs                      Other jobs you might be interested in                             Frontend Developer       Stellar Consulting Solutions, LL",$0,https://www.linkedin.com/jobs/collections/similar-jobs?referenceJobId=4167908409&origin=JOB_ALERT_EMAIL&lipi=urn%3Ali%3Apage%3Aemail_email_job_alert_digest_01%3BxjsCosdfSZSaIR3Sd3fcpA%3D%3D&midToken=AQEKHR1Imwpbig&midSig=157DeQUZ_nGHE1&trk=eml-email_job_alert_digest_01-job~alert-0-see~similar~jobs&trkEmail=eml-email_job_alert_digest_01-job~alert-0-see~similar~jobs-null-ktjvvs~m7mzewhf~h0-null-null&eid=ktjvvs-m7mzewhf-h0&otpToken=MTMwNzFiZTgxYjI4YzljNWIyMjYwZmViNDExYWU3YjI4Y2M2ZDg0MjkwYWM4NjZhN2JjZjA4Njk0YTVlNThmMWZlZDBkNmU5NjZkMGI4ZDk2NmJmZGNiNGFmM2NhNTY2NDE0ZjgwMmY0MTg0ZTVkNDcxYzFiZWFlLDEsMQ%3D%3D,LinkedIn Job Alerts,2025-06-19T12:52:50.459829+00:00
See similar jobs,No Company Found,No Location Found,Salary Not Provided,https://www.linkedin.com/jobs/collections/similar-jobs?referenceJobId=3541782917&origin=JOB_ALERT_EMAIL&lipi=urn%3Ali%3Apage%3Aemail_email_job_alert_digest_01%3BBE8mx8CISraDcUhgbuPNQQ%3D%3D&midToken=AQEKHR1Imwpbig&midSig=18sIY3S1UEFHE1&trk=eml-email_job_alert_digest_01-job~alert-0-see~similar~jobs&trkEmail=eml-email_job_alert_digest_01-job~alert-0-see~similar~jobs-null-ktjvvs~m7lsjoio~q-null-null&eid=ktjvvs-m7lsjoio-q&otpToken=MTMwNzFiZTgxYjI4YzljNWIyMjYwZmViNDExYWU3YjE4OWM4ZDg0ODllYWM4ZTY4N2JjZjA4Njk0YTVlNThmMWZlZDBkNmU5NGVjYmVkZDU3ZmZhYzNhNWNmNTIyNjQyN2U0NGY1OWQ3ZDNhOGEwNDg2N2ZkNTdmLDEsMQ%3D%3D,LinkedIn Job Alerts,2025-06-19T12:52:49.573843+00:00
See similar jobs,web developer,"California, United States",$0,https://www.linkedin.com/jobs/collections/similar-jobs?referenceJobId=3541782917&origin=JOB_ALERT_EMAIL&lipi=urn%3Ali%3Apage%3Aemail_email_job_alert_digest_01%3BBE8mx8CISraDcUhgbuPNQQ%3D%3D&midToken=AQEKHR1Imwpbig&midSig=18sIY3S1UEFHE1&trk=eml-email_job_alert_digest_01-job~alert-0-see~similar~jobs&trkEmail=eml-email_job_alert_digest_01-job~alert-0-see~similar~jobs-null-ktjvvs~m7lsjoio~q-null-null&eid=ktjvvs-m7lsjoio-q&otpToken=MTMwNzFiZTgxYjI4YzljNWIyMjYwZmViNDExYWU3YjE4OWM4ZDg0ODllYWM4ZTY4N2JjZjA4Njk0YTVlNThmMWZlZDBkNmU5NGVjYmVkZDU3ZmZhYzNhNWNmNTIyNjQyN2U0NGY1OWQ3ZDNhOGEwNDg2N2ZkNTdmLDEsMQ%3D%3D,LinkedIn Job Alerts,2025-06-19T12:52:49.571068+00:00
See similar jobs,No Company Found,No Location Found,Salary Not Provided,https://www.linkedin.com/jobs/collections/similar-jobs?referenceJobId=4166983546&origin=JOB_ALERT_EMAIL&lipi=urn%3Ali%3Apage%3Aemail_email_job_alert_digest_01%3Bo6sfNKSnTUCiLidRufwmCQ%3D%3D&midToken=AQEKHR1Imwpbig&midSig=2i-r9FLFEfEbE1&trk=eml-email_job_alert_digest_01-job~alert-0-see~similar~jobs&trkEmail=eml-email_job_alert_digest_01-job~alert-0-see~similar~jobs-null-ktjvvs~m7k8ti3k~qf-null-null&eid=ktjvvs-m7k8ti3k-qf&otpToken=MTMwNzFiZTgxYjI4YzljNWIyMjYwZmViNDExYWU3YjA4OGNkZDI0Mjk4YWQ4YzYzN2JjZjA4Njk0YTVlNThmMWZlZDBkNmU5NzdkN2NhZGY3MjhkZThjYTgwZTZlMWNiMDE3Y2U1NDcwODVjYWMyMjY0ZDhlMWM5LDEsMQ%3D%3D,LinkedIn Job Alerts,2025-06-19T12:52:48.281198+00:00
See similar jobs,web developer,"End Engineer       Dev Technology Group, Inc",$0,https://www.linkedin.com/jobs/collections/similar-jobs?referenceJobId=4166983546&origin=JOB_ALERT_EMAIL&lipi=urn%3Ali%3Apage%3Aemail_email_job_alert_digest_01%3Bo6sfNKSnTUCiLidRufwmCQ%3D%3D&midToken=AQEKHR1Imwpbig&midSig=2i-r9FLFEfEbE1&trk=eml-email_job_alert_digest_01-job~alert-0-see~similar~jobs&trkEmail=eml-email_job_alert_digest_01-job~alert-0-see~similar~jobs-null-ktjvvs~m7k8ti3k~qf-null-null&eid=ktjvvs-m7k8ti3k-qf&otpToken=MTMwNzFiZTgxYjI4YzljNWIyMjYwZmViNDExYWU3YjA4OGNkZDI0Mjk4YWQ4YzYzN2JjZjA4Njk0YTVlNThmMWZlZDBkNmU5NzdkN2NhZGY3MjhkZThjYTgwZTZlMWNiMDE3Y2U1NDcwODVjYWMyMjY0ZDhlMWM5LDEsMQ%3D%3D,LinkedIn Job Alerts,2025-06-19T12:52:48.277030+00:00
See similar jobs,No Company Found,No Location Found,Salary Not Provided,https://www.linkedin.com/jobs/collections/similar-jobs?referenceJobId=4096986636&origin=JOB_ALERT_EMAIL&lipi=urn%3Ali%3Apage%3Aemail_email_job_alert_digest_01%3BlEpCzIfZSQeo%2FHdTTMJw3A%3D%3D&midToken=AQEKHR1Imwpbig&midSig=11c9gT2V5LCHE1&trk=eml-email_job_alert_digest_01-job~alert-0-see~similar~jobs&trkEmail=eml-email_job_alert_digest_01-job~alert-0-see~similar~jobs-null-ktjvvs~m7itdnm3~x1-null-null&eid=ktjvvs-m7itdnm3-x1&otpToken=MTMwNzFiZTgxYjI4YzljNWIyMjYwZmViNDExYWU3Yjc4N2M4ZDg0Mjk4YTc4ZDZhN2JjZjA4Njk0YTVlNThmMWZlZDBkNmU5NDVkN2U3Yzc0Y2JkZWVhMjAyODc0ZDI5YjhmODFjZjYxYzg4ZWNiZTljY2MwY2MwLDEsMQ%3D%3D,LinkedIn Job Alerts,2025-06-19T12:52:47.693511+00:00
See similar jobs,entry level software developer,"Software Engineer I, Recent Graduate       Acorns",$0,https://www.linkedin.com/jobs/collections/similar-jobs?referenceJobId=4096986636&origin=JOB_ALERT_EMAIL&lipi=urn%3Ali%3Apage%3Aemail_email_job_alert_digest_01%3BlEpCzIfZSQeo%2FHdTTMJw3A%3D%3D&midToken=AQEKHR1Imwpbig&midSig=11c9gT2V5LCHE1&trk=eml-email_job_alert_digest_01-job~alert-0-see~similar~jobs&trkEmail=eml-email_job_alert_digest_01-job~alert-0-see~similar~jobs-null-ktjvvs~m7itdnm3~x1-null-null&eid=ktjvvs-m7itdnm3-x1&otpToken=MTMwNzFiZTgxYjI4YzljNWIyMjYwZmViNDExYWU3Yjc4N2M4ZDg0Mjk4YTc4ZDZhN2JjZjA4Njk0YTVlNThmMWZlZDBkNmU5NDVkN2U3Yzc0Y2JkZWVhMjAyODc0ZDI5YjhmODFjZjYxYzg4ZWNiZTljY2MwY2MwLDEsMQ%3D%3D,LinkedIn Job Alerts,2025-06-19T12:52:47.690804+00:00
See similar jobs,No Company Found,No Location Found,Salary Not Provided,https://www.linkedin.com/jobs/collections/similar-jobs?referenceJobId=4140048990&origin=JOB_ALERT_EMAIL&lipi=urn%3Ali%3Apage%3Aemail_email_job_alert_digest_01%3BobwEU%2F7RQC%2BsDJOoHVYAJA%3D%3D&midToken=AQEKHR1Imwpbig&midSig=1Z1vz390BnBbE1&trk=eml-email_job_alert_digest_01-job~alert-0-see~similar~jobs&trkEmail=eml-email_job_alert_digest_01-job~alert-0-see~similar~jobs-null-ktjvvs~m7h9nhgf~45-null-null&eid=ktjvvs-m7h9nhgf-45&otpToken=MTMwNzFiZTgxYjI4YzljNWIyMjYwZmViNDExYWU3YjY4NmNkZDI0MzlhYTY4YTYzN2JjZjA4Njk0YTVlNThmMWZlZDBkNmU5NjdkNmZkYzg3ZmE2YzA5ZjcyNWRlYzM0YWIxZmZjYWFhNDFmY2VjMDU5ZWRmNTkyLDEsMQ%3D%3D,LinkedIn Job Alerts,2025-06-19T12:52:47.423380+00:00
See similar jobs,web developer,"Denver, CO",$0,https://www.linkedin.com/jobs/collections/similar-jobs?referenceJobId=4140048990&origin=JOB_ALERT_EMAIL&lipi=urn%3Ali%3Apage%3Aemail_email_job_alert_digest_01%3BobwEU%2F7RQC%2BsDJOoHVYAJA%3D%3D&midToken=AQEKHR1Imwpbig&midSig=1Z1vz390BnBbE1&trk=eml-email_job_alert_digest_01-job~alert-0-see~similar~jobs&trkEmail=eml-email_job_alert_digest_01-job~alert-0-see~similar~jobs-null-ktjvvs~m7h9nhgf~45-null-null&eid=ktjvvs-m7h9nhgf-45&otpToken=MTMwNzFiZTgxYjI4YzljNWIyMjYwZmViNDExYWU3YjY4NmNkZDI0MzlhYTY4YTYzN2JjZjA4Njk0YTVlNThmMWZlZDBkNmU5NjdkNmZkYzg3ZmE2YzA5ZjcyNWRlYzM0YWIxZmZjYWFhNDFmY2VjMDU5ZWRmNTkyLDEsMQ%3D%3D,LinkedIn Job Alerts,2025-06-19T12:52:47.420190+00:00
See similar jobs,No Company Found,No Location Found,Salary Not Provided,https://www.linkedin.com/jobs/collections/similar-jobs?referenceJobId=4162831052&origin=JOB_ALERT_EMAIL&lipi=urn%3Ali%3Apage%3Aemail_email_job_alert_digest_01%3BSMATLIaoT%2F2RB8FlyhkQnA%3D%3D&midToken=AQEKHR1Imwpbig&midSig=2ekk4N8c_vAXE1&trk=eml-email_job_alert_digest_01-job~alert-0-see~similar~jobs&trkEmail=eml-email_job_alert_digest_01-job~alert-0-see~similar~jobs-null-ktjvvs~m7h5d65h~qj-null-null&eid=ktjvvs-m7h5d65h-qj&otpToken=MTMwNzFiZTgxYjI4YzljNWIyMjYwZmViNDExYWU3YjY4N2M4ZDA0MjkxYTg4NzY4N2JjZjA4Njk0YTVlNThmMWZlZDBkNmU5NzFlYWNkZDA0MGZkY2JhOWY1MGE5MzIzNmFkZTJkZjQ4NDZkOWJmNTY5Mjk1ZGM1LDEsMQ%3D%3D,LinkedIn Job Alerts,2025-06-19T12:52:46.996146+00:00
See similar jobs,frontend developer,"Seattle, WA",$0,https://www.linkedin.com/jobs/collections/similar-jobs?referenceJobId=4162831052&origin=JOB_ALERT_EMAIL&lipi=urn%3Ali%3Apage%3Aemail_email_job_alert_digest_01%3BSMATLIaoT%2F2RB8FlyhkQnA%3D%3D&midToken=AQEKHR1Imwpbig&midSig=2ekk4N8c_vAXE1&trk=eml-email_job_alert_digest_01-job~alert-0-see~similar~jobs&trkEmail=eml-email_job_alert_digest_01-job~alert-0-see~similar~jobs-null-ktjvvs~m7h5d65h~qj-null-null&eid=ktjvvs-m7h5d65h-qj&otpToken=MTMwNzFiZTgxYjI4YzljNWIyMjYwZmViNDExYWU3YjY4N2M4ZDA0MjkxYTg4NzY4N2JjZjA4Njk0YTVlNThmMWZlZDBkNmU5NzFlYWNkZDA0MGZkY2JhOWY1MGE5MzIzNmFkZTJkZjQ4NDZkOWJmNTY5Mjk1ZGM1LDEsMQ%3D%3D,LinkedIn Job Alerts,2025-06-19T12:52:46.993358+00:00
See similar jobs,No Company Found,No Location Found,Salary Not Provided,https://www.linkedin.com/jobs/collections/similar-jobs?referenceJobId=4161542365&origin=JOB_ALERT_EMAIL&lipi=urn%3Ali%3Apage%3Aemail_email_job_alert_digest_01%3BAF%2BBaDmiTqaBrp%2FpGDSMIQ%3D%3D&midToken=AQEKHR1Imwpbig&midSig=2YCBs3xqaTzHE1&trk=eml-email_job_alert_digest_01-job~alert-0-see~similar~jobs&trkEmail=eml-email_job_alert_digest_01-job~alert-0-see~similar~jobs-null-ktjvvs~m7fu7mgz~zc-null-null&eid=ktjvvs-m7fu7mgz-zc&otpToken=MTMwNzFiZTgxYjI4YzljNWIyMjYwZmViNDExYWU3YjY4ZmM4ZDg0MzlkYWE4NjZmN2JjZjA4Njk0YTVlNThmMWZlZDBkNmU5NTZjOWY5YzM2N2JjZmY5ZGFlMmU5YTQzMDdhNTIzMzA1MzEwMDQ0NzA2ZjJjZDEzLDEsMQ%3D%3D,LinkedIn Job Alerts,2025-06-19T12:52:46.204130+00:00
See similar jobs,freelance,"Glossier, Inc","$100,000/year",https://www.linkedin.com/jobs/collections/similar-jobs?referenceJobId=4161542365&origin=JOB_ALERT_EMAIL&lipi=urn%3Ali%3Apage%3Aemail_email_job_alert_digest_01%3BAF%2BBaDmiTqaBrp%2FpGDSMIQ%3D%3D&midToken=AQEKHR1Imwpbig&midSig=2YCBs3xqaTzHE1&trk=eml-email_job_alert_digest_01-job~alert-0-see~similar~jobs&trkEmail=eml-email_job_alert_digest_01-job~alert-0-see~similar~jobs-null-ktjvvs~m7fu7mgz~zc-null-null&eid=ktjvvs-m7fu7mgz-zc&otpToken=MTMwNzFiZTgxYjI4YzljNWIyMjYwZmViNDExYWU3YjY4ZmM4ZDg0MzlkYWE4NjZmN2JjZjA4Njk0YTVlNThmMWZlZDBkNmU5NTZjOWY5YzM2N2JjZmY5ZGFlMmU5YTQzMDdhNTIzMzA1MzEwMDQ0NzA2ZjJjZDEzLDEsMQ%3D%3D,LinkedIn Job Alerts,2025-06-19T12:52:46.201685+00:00
See similar jobs,No Company Found,No Location Found,Salary Not Provided,https://www.linkedin.com/jobs/collections/similar-jobs?referenceJobId=4158722651&origin=JOB_ALERT_EMAIL&lipi=urn%3Ali%3Apage%3Aemail_email_job_alert_digest_01%3BJWDl9b4cQRuk8gNfjPYvbg%3D%3D&midToken=AQEKHR1Imwpbig&midSig=2BmAvdID3_wHE1&trk=eml-email_job_alert_digest_01-job~alert-0-see~similar~jobs&trkEmail=eml-email_job_alert_digest_01-job~alert-0-see~similar~jobs-null-ktjvvs~m7cv1m9l~6q-null-null&eid=ktjvvs-m7cv1m9l-6q&otpToken=MTMwNzFiZTgxYjI4YzljNWIyMjYwZmViNDExYWU3YjQ4ZGM4ZDg0MzljYWY4NzY5N2JjZjA4Njk0YTVlNThmMWZlZDBkNmU5NDRmNmVmZTE0N2JiZmRhMzRlODQ0MDAwNjVmM2Q2MTQ5ODJkZTkzNTdiZTI1NzdkLDEsMQ%3D%3D,LinkedIn Job Alerts,2025-06-19T12:52:43.648938+00:00
See similar jobs,freelance,"Knoxville, TN",$0,https://www.linkedin.com/jobs/collections/similar-jobs?referenceJobId=4158722651&origin=JOB_ALERT_EMAIL&lipi=urn%3Ali%3Apage%3Aemail_email_job_alert_digest_01%3BJWDl9b4cQRuk8gNfjPYvbg%3D%3D&midToken=AQEKHR1Imwpbig&midSig=2BmAvdID3_wHE1&trk=eml-email_job_alert_digest_01-job~alert-0-see~similar~jobs&trkEmail=eml-email_job_alert_digest_01-job~alert-0-see~similar~jobs-null-ktjvvs~m7cv1m9l~6q-null-null&eid=ktjvvs-m7cv1m9l-6q&otpToken=MTMwNzFiZTgxYjI4YzljNWIyMjYwZmViNDExYWU3YjQ4ZGM4ZDg0MzljYWY4NzY5N2JjZjA4Njk0YTVlNThmMWZlZDBkNmU5NDRmNmVmZTE0N2JiZmRhMzRlODQ0MDAwNjVmM2Q2MTQ5ODJkZTkzNTdiZTI1NzdkLDEsMQ%3D%3D,LinkedIn Job Alerts,2025-06-19T12:52:43.644790+00:00
